marketing_month,channel,campaign_name,spend,attributed_revenue,clicks,impressions,conversions,roas,cost_per_conversion,conversion_rate_pct,click_through_rate_pct
2025-01-01,TikTok Ads,Winter Sale - TikTok Ads,3941.0499999999997,72041.34,13227,129966,451,18.279732558582104,8.738470066518847,0.03409692296061087,0.10177277134019666
2025-01-01,TikTok Ads,Holiday Campaign - TikTok Ads,2979.05,31788.260000000002,10305,142472,441,10.670603044594753,6.755215419501134,0.04279475982532751,0.07233000168454153
2025-01-01,Affiliate,New Customer Acquisition - Affiliate,4907.280000000001,63410.79000000001,10564,158019,505,12.921779478652125,9.717386138613863,0.04780386217341916,0.06685272024250248
2025-01-01,Affiliate,Back to School - Affiliate,5026.25,100072.33,15733,213995,1186,19.90993882118876,4.237984822934233,0.07538295302866586,0.07352040935535877
2025-01-01,Affiliate,Winter Sale - Affiliate,1236.3,8827.2,3128,61794,203,7.14001455957292,6.090147783251231,0.06489769820971868,0.05061980127520471
2025-02-01,Meta Ads,Back to School - Meta Ads,3563.97,122408.04,10742,192263,1025,34.34597934326047,3.477043902439024,0.09541984732824428,0.05587138450976007
2025-02-01,TikTok Ads,New Customer Acquisition - TikTok Ads,681.83,40520.59,4782,27202,298,59.429168561078264,2.288020134228188,0.06231702216645755,0.1757958973604882
2025-02-01,Affiliate,Flash Promo - Affiliate,4625.1,44898.55,8847,229335,392,9.707584700871333,11.79872448979592,0.04430880524471572,0.03857675452940022
2025-03-01,Google Ads,Winter Sale - Google Ads,6069.47,75543.21,19585,358747,506,12.446426129464353,11.995000000000001,0.02583609905539954,0.054592791019855216
2025-03-01,Affiliate,Summer Deals - Affiliate,4039.44,34571.89,4144,101656,254,8.558584853346009,15.903307086614173,0.061293436293436296,0.04076493271425199
2025-03-01,Google Ads,Holiday Campaign - Google Ads,1879.28,74792.13,4212,21330,422,39.798289770550426,4.453270142180095,0.10018993352326686,0.19746835443037974
2025-03-01,Email,Summer Deals - Email,8152.78,65950.48,13982,227340,556,8.089324132381838,14.663273381294964,0.03976541267343728,0.06150259523181138
2025-04-01,Google Ads,Summer Deals - Google Ads,4013.6,17833.59,4505,104690,140,4.443290312936018,28.66857142857143,0.03107658157602664,0.04303180819562518
2025-04-01,Google Ads,New Customer Acquisition - Google Ads,6072.08,88415.06,18332,163577,1154,14.560918169721084,5.261767764298093,0.06295003272965306,0.1120695452294638
2025-04-01,Meta Ads,Winter Sale - Meta Ads,933.13,0.0,5103,87682,0,0.0,,0.0,0.05819894619192081
2025-04-01,Email,Summer Deals - Email,4396.51,34361.58,5727,139088,471,7.81564923086721,9.334416135881105,0.0822420115243583,0.04117537098815138
2025-04-01,Google Ads,VIP Retargeting - Google Ads,6907.67,66292.13,10652,266640,649,9.59688722825497,10.643559322033898,0.06092752534735261,0.03994899489948995
2025-04-01,Affiliate,VIP Retargeting - Affiliate,1737.95,2903.06,1161,28369,45,1.6703932794384186,38.62111111111111,0.03875968992248062,0.040924953294088615
2025-04-01,TikTok Ads,New Customer Acquisition - TikTok Ads,2138.57,15290.22,2694,39629,117,7.149740246987472,18.27837606837607,0.043429844097995544,0.06798051931666205
2025-05-01,Google Ads,Back to School - Google Ads,5332.23,33042.88,6397,172491,353,6.196821967544536,15.105467422096316,0.055182116617164295,0.03708599289238279
2025-05-01,TikTok Ads,Summer Deals - TikTok Ads,865.72,5327.52,2188,93758,39,6.15386037055861,22.19794871794872,0.01782449725776965,0.023336675270376927
2025-05-01,TikTok Ads,Back to School - TikTok Ads,1465.51,0.0,3809,57707,0,0.0,,0.0,0.06600585717503943
2025-06-01,Affiliate,Summer Deals - Affiliate,5377.900000000001,107218.18000000001,15783,166542,869,19.936811766674722,6.18860759493671,0.0550592409554584,0.09476888712757142
2025-06-01,TikTok Ads,Flash Promo - TikTok Ads,6603.9,8913.11,10262,220296,63,1.3496736776753133,104.82380952380952,0.006139154160982265,0.046582779532991975
2025-07-01,Meta Ads,Back to School - Meta Ads,4969.38,36864.630000000005,9897,148458,289,7.418356012218829,17.19508650519031,0.029200767909467514,0.06666531948429859
2025-07-01,TikTok Ads,VIP Retargeting - TikTok Ads,2873.73,82040.93000000001,14357,252428,803,28.548586680029093,3.5787422166874223,0.05593090478512224,0.056875623940291886
2025-07-01,Affiliate,Holiday Campaign - Affiliate,2163.34,39049.67,9606,50878,277,18.05063928924718,7.809891696750903,0.02883614407661878,0.18880459137544714
2025-08-01,TikTok Ads,New Customer Acquisition - TikTok Ads,6355.150000000001,17542.16,12543,206072,161,2.7603062083507073,39.47298136645963,0.012835844694251773,0.06086707558523235
2025-08-01,Affiliate,New Customer Acquisition - Affiliate,2813.71,60265.56,9931,150977,511,21.41853993481915,5.506281800391389,0.05145503977444366,0.06577823112129662
2025-08-01,Affiliate,Back to School - Affiliate,3794.5699999999997,39698.75,5867,150814,539,10.461989105484944,7.040018552875695,0.0918697801261292,0.03890222393146525
2025-08-01,Meta Ads,Summer Deals - Meta Ads,6391.3099999999995,141955.35,16892,237602,1627,22.210681378308987,3.928279041180086,0.09631778356618517,0.07109367766264593
2025-08-01,Meta Ads,New Customer Acquisition - Meta Ads,1316.6100000000001,20314.32,3095,139629,129,15.42926151252079,10.206279069767444,0.04168012924071082,0.02216588244562376
2025-08-01,Affiliate,Winter Sale - Affiliate,3267.08,51621.9,3411,105807,375,15.80062318645396,8.712213333333333,0.10993843447669305,0.03223794266919958
2025-08-01,Meta Ads,VIP Retargeting - Meta Ads,4021.3599999999997,17235.809999999998,2366,94890,139,4.286064913362643,28.930647482014386,0.05874894336432798,0.024934134260722943
2025-09-01,Affiliate,Summer Deals - Affiliate,603.23,26201.98,5574,72420,257,43.436135470715975,2.347198443579767,0.04610692500897022,0.07696768848384425
2025-10-01,Google Ads,Back to School - Google Ads,2295.62,11555.64,1033,81111,76,5.033777367334315,30.205526315789474,0.07357212003872217,0.012735633884429979
2025-11-01,TikTok Ads,Winter Sale - TikTok Ads,5041.6900000000005,104044.69999999998,9873,83979,803,20.63686977977622,6.27856787048568,0.08133292818798744,0.11756510556210481
2025-11-01,Affiliate,VIP Retargeting - Affiliate,3824.1800000000003,485.3,1712,88410,6,0.12690302234727444,637.3633333333333,0.0035046728971962616,0.019364325302567584
2025-11-01,TikTok Ads,Holiday Campaign - TikTok Ads,6913.25,107979.35999999999,11992,198274,682,15.619189238057352,10.136730205278592,0.05687124749833222,0.06048195930883525
2025-12-01,Email,Back to School - Email,3549.15,50625.76,6344,130370,488,14.264192834904133,7.272848360655738,0.07692307692307693,0.048661501879266704
2025-12-01,Email,Holiday Campaign - Email,4282.700000000001,59938.92,8864,55035,493,13.995591566068132,8.687018255578094,0.05561823104693141,0.16106114290905788
2025-01-01,TikTok Ads,Back to School - TikTok Ads,5249.639999999999,15661.2,9058,114118,193,2.983290282762247,27.200207253886006,0.021307131817178186,0.07937398131758355
2025-01-01,TikTok Ads,Summer Deals - TikTok Ads,4509.28,33725.29,7274,117166,472,7.4790853528723,9.553559322033898,0.06488864448721474,0.062082856801461174
2025-01-01,Affiliate,Summer Deals - Affiliate,1772.93,18692.67,3687,88430,236,10.543377347103382,7.512415254237289,0.06400867914293464,0.041693995250480606
2025-02-01,Meta Ads,New Customer Acquisition - Meta Ads,273.92,1769.41,3562,6988,44,6.459586740654205,6.225454545454546,0.012352610892756879,0.5097309673726388
2025-02-01,Meta Ads,Summer Deals - Meta Ads,4240.45,84417.53,13738,245569,857,19.907681967715693,4.948016336056009,0.06238171495123016,0.055943543362557975
2025-02-01,Meta Ads,VIP Retargeting - Meta Ads,2499.85,17391.5,2390,23265,270,6.957017421045263,9.258703703703704,0.11297071129707113,0.10272942187835805
2025-02-01,Google Ads,Back to School - Google Ads,1638.65,3118.63,344,7115,21,1.903170292618924,78.03095238095239,0.061046511627906974,0.04834855938158819
2025-02-01,Affiliate,VIP Retargeting - Affiliate,301.08,13862.11,2511,81279,165,46.04128470838316,1.8247272727272725,0.06571087216248507,0.03089358874986159
2025-03-01,Email,VIP Retargeting - Email,7313.889999999999,122161.46999999999,17857,180598,1047,16.702667116951442,6.98556829035339,0.05863246905975248,0.09887706397634526
2025-03-01,Email,Winter Sale - Email,5409.0599999999995,65437.58,8612,46102,470,12.097772995677623,11.50863829787234,0.054575011611704596,0.1868031755672205
2025-03-01,Affiliate,Back to School - Affiliate,8400.56,104348.05,20814,290171,1417,12.421558800841849,5.928412138320395,0.06807917747669838,0.07173011775814951
2025-03-01,Affiliate,Winter Sale - Affiliate,3897.59,23732.989999999998,9405,107126,213,6.089144830523477,18.298544600938968,0.022647527910685805,0.08779381289322853
2025-03-01,Affiliate,New Customer Acquisition - Affiliate,1945.38,3843.74,2887,46988,69,1.9758299149780503,28.19391304347826,0.02390024246622792,0.061441219034647145
2025-04-01,Google Ads,Flash Promo - Google Ads,6349.22,111682.23999999999,13901,228670,958,17.58991498168279,6.627578288100209,0.06891590533055175,0.06079065902829405
2025-04-01,Email,Winter Sale - Email,8413.960000000001,152130.04,22136,347448,1479,18.080670694892774,5.688951994590941,0.06681423924828334,0.06371025304505998
2025-04-01,Email,VIP Retargeting - Email,1133.96,37162.380000000005,9560,19786,580,32.77221418744929,1.955103448275862,0.060669456066945605,0.483169918123926
2025-04-01,Affiliate,Flash Promo - Affiliate,3400.5,20919.940000000002,9740,155423,193,6.152018820761653,17.61917098445596,0.019815195071868585,0.06266768753659369
2025-05-01,TikTok Ads,Winter Sale - TikTok Ads,3036.01,16134.36,5804,133887,192,5.314330321705133,15.812552083333335,0.03308063404548587,0.043349989169971695
2025-05-01,TikTok Ads,Holiday Campaign - TikTok Ads,2240.1800000000003,18783.879999999997,9654,87211,268,8.384986920693871,8.358880597014926,0.027760513776672883,0.1106970450975221
2025-06-01,Google Ads,Winter Sale - Google Ads,3320.7,58013.82000000001,11432,164248,489,17.470358659318823,6.79079754601227,0.04277466759972008,0.06960206516974332
2025-06-01,Email,New Customer Acquisition - Email,4364.84,116536.73000000001,14933,125316,769,26.698969492581632,5.6759947984395325,0.05149668519386594,0.11916275655143796
2025-06-01,TikTok Ads,VIP Retargeting - TikTok Ads,4043.1800000000003,50055.020000000004,11361,191070,586,12.380111694260458,6.89962457337884,0.05157996655224012,0.05945988381221542
2025-06-01,Affiliate,Winter Sale - Affiliate,5589.3,114431.34,15257,254225,1132,20.47328645805378,4.937544169611307,0.0741954512682703,0.06001376733208772
2025-06-01,Email,Flash Promo - Email,3460.42,96998.25,9276,115866,964,28.030773721108996,3.5896473029045644,0.10392410521776628,0.08005799803220962
2025-06-01,Affiliate,New Customer Acquisition - Affiliate,771.19,4472.08,3088,52368,27,5.79893411480958,28.562592592592594,0.008743523316062176,0.058967308279865564
2025-06-01,Google Ads,Holiday Campaign - Google Ads,2984.5199999999995,81376.96,13721,207848,848,27.266347687400327,3.5194811320754713,0.06180307557758181,0.0660145875832339
2025-06-01,Affiliate,Back to School - Affiliate,3672.55,15941.21,2717,155678,165,4.340637976337966,22.257878787878788,0.06072874493927125,0.017452690810519148
2025-07-01,Meta Ads,VIP Retargeting - Meta Ads,4961.839999999999,98955.4,14283,230965,963,19.94328716766361,5.1524818276220135,0.06742281033396345,0.06184053860974607
2025-07-01,Meta Ads,Summer Deals - Meta Ads,3279.46,38413.149999999994,4402,111354,319,11.713254621187632,10.280438871473354,0.0724670604270786,0.039531583957468974
2025-07-01,Google Ads,Back to School - Google Ads,2142.71,30222.18,4910,128137,184,14.104652519473003,11.645163043478261,0.03747454175152749,0.03831836237776755
2025-07-01,Meta Ads,New Customer Acquisition - Meta Ads,1350.68,0.0,4820,44416,0,0.0,,0.0,0.10851945244956772
2025-07-01,TikTok Ads,Flash Promo - TikTok Ads,2390.98,0.0,2000,89527,0,0.0,,0.0,0.022339629385548492
2025-08-01,Google Ads,Winter Sale - Google Ads,4475.89,80760.81,9258,62736,788,18.04351983627837,5.68006345177665,0.08511557571829768,0.1475707727620505
2025-08-01,Meta Ads,Back to School - Meta Ads,4229.639999999999,104354.1,18197,201910,1257,24.67209975317049,3.364868735083532,0.06907732043743474,0.0901243128126393
2025-08-01,Email,Holiday Campaign - Email,2030.95,42845.86,12173,80420,797,21.096462246731825,2.5482434127979925,0.06547276760042718,0.15136781895050982
2025-08-01,Email,Back to School - Email,4446.54,96421.72000000002,10962,144945,664,21.684662681545657,6.696596385542168,0.060572888159095055,0.07562868674324744
2025-08-01,Affiliate,Summer Deals - Affiliate,2654.53,3849.21,1525,88423,43,1.4500533051048583,61.73325581395349,0.02819672131147541,0.01724664397272203
2025-08-01,Google Ads,Holiday Campaign - Google Ads,2478.93,65271.119999999995,7212,105041,579,26.33036027640958,4.281398963730569,0.0802828618968386,0.06865890461819671
2025-09-01,TikTok Ads,New Customer Acquisition - TikTok Ads,1519.48,47296.43,7182,47832,489,31.12672098349435,3.107321063394683,0.06808688387635756,0.15015052684395383
2025-09-01,Affiliate,Back to School - Affiliate,5128.820000000001,64702.93,13447,178201,883,12.615558744506533,5.808403171007928,0.06566520413475124,0.07545973367152822
2025-09-01,Google Ads,Winter Sale - Google Ads,3543.71,103954.6,13923,174237,750,29.33496251104069,4.724946666666667,0.05386770092652446,0.07990840062673256
2025-09-01,Affiliate,New Customer Acquisition - Affiliate,4068.2200000000003,125860.66999999998,19757,159286,847,30.937527960631424,4.803093270365998,0.04287088120666093,0.12403475509460969
2025-09-01,Google Ads,Holiday Campaign - Google Ads,1426.99,7736.17,1051,5027,65,5.421320401684665,21.953692307692307,0.06184586108468126,0.20907101651084145
2025-09-01,Affiliate,Winter Sale - Affiliate,974.71,17445.82,1929,75544,210,17.89847236613967,4.64147619047619,0.1088646967340591,0.025534787673408874
2025-10-01,Email,Flash Promo - Email,794.24,9042.72,4685,83736,66,11.385374697824334,12.033939393939393,0.014087513340448238,0.05594965128499092
2025-10-01,Email,New Customer Acquisition - Email,1408.31,16562.0,2937,38899,125,11.760194843464863,11.26648,0.042560435818862784,0.0755032263040181
2025-11-01,TikTok Ads,Summer Deals - TikTok Ads,4968.91,66537.81,11557,194768,505,13.390826157044502,9.839425742574257,0.04369646101929567,0.059337262794709605
2025-11-01,Email,Holiday Campaign - Email,3764.1500000000005,59409.39,14877,225274,391,15.782949669912195,9.626982097186701,0.026282180547153325,0.06603957846888678
2025-11-01,Affiliate,Flash Promo - Affiliate,3440.0299999999997,51360.48,7988,100465,391,14.930241887425403,8.798030690537084,0.048948422633950925,0.079510277210969
2025-11-01,TikTok Ads,Back to School - TikTok Ads,3425.8199999999997,66934.79,7315,69350,596,19.538326590422148,5.748020134228187,0.08147641831852358,0.10547945205479452
2025-11-01,Email,Back to School - Email,2325.25,20841.410000000003,3547,105021,181,8.963083539404366,12.846685082872929,0.051029038624189456,0.03377419754144409
2025-12-01,Meta Ads,Flash Promo - Meta Ads,6518.68,44274.07,8697,124326,618,6.791876576239361,10.548025889967638,0.07105898585719214,0.06995318758747164
2025-12-01,TikTok Ads,New Customer Acquisition - TikTok Ads,3080.4,29554.02,3828,178111,217,9.59421503700818,14.195391705069126,0.056687565308254965,0.021492215528518734
2025-12-01,Affiliate,Holiday Campaign - Affiliate,1885.73,101577.43,8907,57851,913,53.866370052976826,2.065421686746988,0.10250364881553833,0.15396449499576498
2025-01-01,TikTok Ads,VIP Retargeting - TikTok Ads,3015.79,122874.16,13109,138633,959,40.74360615294832,3.1447236704900936,0.07315584712792737,0.09455901553021287
2025-01-01,Affiliate,VIP Retargeting - Affiliate,6234.589999999999,32307.670000000002,4231,103710,288,5.182003948936499,21.647881944444443,0.06806901441739542,0.04079645164400733
2025-01-01,Google Ads,Flash Promo - Google Ads,4226.21,61285.63,12195,242046,674,14.501321515021733,6.270341246290801,0.055268552685526856,0.05038298505242805
2025-01-01,Meta Ads,Holiday Campaign - Meta Ads,4940.47,57824.420000000006,15543,204294,604,11.70423461735422,8.179586092715232,0.03885993694910892,0.0760815295603395
2025-02-01,Affiliate,Summer Deals - Affiliate,4583.72,25189.44,9957,92092,409,5.4954142050561545,11.20713936430318,0.04107662950687958,0.10812014072883638
2025-03-01,Google Ads,Back to School - Google Ads,8697.86,66589.6,7243,301300,561,7.655860177101034,15.50420677361854,0.07745409360762115,0.024039163624294722
2025-03-01,Meta Ads,Flash Promo - Meta Ads,5873.4400000000005,66703.87000000001,11660,212909,677,11.356865823095154,8.675686853766619,0.058061749571183534,0.05476518136856591
2025-03-01,Affiliate,Flash Promo - Affiliate,5843.11,116492.8,13102,106886,994,19.936780242028647,5.8783802816901405,0.07586627995725843,0.12257919652714107
2025-03-01,Meta Ads,Holiday Campaign - Meta Ads,1596.33,42769.100000000006,9579,127391,506,26.792141975656666,3.1548023715415017,0.052823885583046244,0.07519369500200171
2025-04-01,Affiliate,Back to School - Affiliate,3756.01,152927.88,16000,311488,1169,40.715514601931304,3.2130111206159113,0.0730625,0.051366344770906104
2025-04-01,Affiliate,Winter Sale - Affiliate,7306.7699999999995,130032.05,14866,239492,930,17.796105529529466,7.85674193548387,0.06255885914166555,0.062073054632305044
2025-04-01,Meta Ads,New Customer Acquisition - Meta Ads,9270.279999999999,127360.48000000001,17670,170841,1193,13.738579632977647,7.770561609388096,0.06751556310130163,0.10342950462710941
2025-04-01,Affiliate,New Customer Acquisition - Affiliate,3510.34,48999.85,12095,139423,484,13.958719098434909,7.2527685950413225,0.04001653575857792,0.08675039268987184
2025-04-01,Meta Ads,VIP Retargeting - Meta Ads,3607.88,74114.78,11136,49900,535,20.542473696464405,6.743700934579439,0.048042385057471264,0.22316633266533067
2025-04-01,Meta Ads,Summer Deals - Meta Ads,3570.96,7556.429999999999,1594,167218,90,2.116078029437462,39.67733333333334,0.056461731493099125,0.009532466600485593
2025-05-01,Meta Ads,Flash Promo - Meta Ads,3522.21,95681.23000000001,8555,150567,601,27.16511224486899,5.860582362728786,0.07025131502045587,0.05681855917963432
2025-05-01,Google Ads,Holiday Campaign - Google Ads,5137.24,73499.67000000001,15833,278414,1092,14.30722917364188,4.704432234432234,0.06896987304995894,0.056868548277026296
2025-05-01,Email,New Customer Acquisition - Email,2553.7599999999998,91055.87000000001,15850,82460,747,35.65560976755843,3.4186880856760373,0.04712933753943218,0.19221440698520495
2025-05-01,TikTok Ads,Flash Promo - TikTok Ads,8994.51,106796.67000000001,23732,381487,1135,11.873539525777392,7.924678414096917,0.04782572054609809,0.06220919716792447
2025-05-01,Affiliate,Holiday Campaign - Affiliate,3565.2599999999998,159159.75,14580,173525,1006,44.641835378065,3.5439960238568586,0.06899862825788752,0.08402247514767325
2025-05-01,Meta Ads,Holiday Campaign - Meta Ads,6151.64,29200.95,11124,169333,453,4.746856122920066,13.579779249448125,0.040722761596548,0.06569304270283996
2025-05-01,Google Ads,Winter Sale - Google Ads,1586.43,73531.59,6569,152722,664,46.350352678655845,2.3892018072289156,0.10108083422134267,0.04301279448933356
2025-06-01,TikTok Ads,Back to School - TikTok Ads,4462.93,101467.35,14078,171732,1120,22.735590744197196,3.984758928571429,0.07955675522091206,0.081976568141057
2025-06-01,Affiliate,Flash Promo - Affiliate,1869.98,54066.44,9376,143454,554,28.912843987636233,3.375415162454874,0.05908703071672355,0.06535893038883545
2025-06-01,TikTok Ads,Summer Deals - TikTok Ads,3177.74,7804.08,4373,121034,174,2.4558585661507863,18.26287356321839,0.03978961811113652,0.036130343539831786
2025-07-01,TikTok Ads,Holiday Campaign - TikTok Ads,4875.89,78873.64,11002,233808,681,16.17625500165098,7.159897209985316,0.06189783675695328,0.04705570382536098
2025-07-01,TikTok Ads,Winter Sale - TikTok Ads,1940.15,114555.91,6215,117825,651,59.04487281911192,2.9802611367127496,0.10474658085277554,0.05274771907489922
2025-08-01,Affiliate,VIP Retargeting - Affiliate,2216.55,104432.73000000001,12197,203421,1015,47.114989510726126,2.1837931034482763,0.08321718455357875,0.05995939455611761
2025-08-01,Meta Ads,Winter Sale - Meta Ads,3214.76,6098.85,7539,36394,134,1.8971400664435292,23.990746268656718,0.01777424061546624,0.20714953014233115
2025-08-01,Email,Summer Deals - Email,3671.38,8407.57,6817,21111,98,2.290029907010443,37.4630612244898,0.014375825143024792,0.3229122258538203
2025-09-01,Meta Ads,Flash Promo - Meta Ads,5522.99,40194.0,13067,174363,456,7.277579716783844,12.111820175438597,0.03489706895232265,0.074941357971588
2025-09-01,Email,Flash Promo - Email,1028.1200000000001,65713.67,8490,88914,499,63.91634245029762,2.060360721442886,0.058775029446407535,0.0954855253390917
2025-09-01,Email,New Customer Acquisition - Email,2498.9399999999996,44837.99,3635,90051,371,17.94280374878949,6.735687331536387,0.10206327372764787,0.04036601481382772
2025-09-01,Affiliate,Flash Promo - Affiliate,3793.87,45337.42,12765,153477,565,11.95017752321508,6.714814159292035,0.04426165295730513,0.083172071385289
2025-09-01,Meta Ads,Holiday Campaign - Meta Ads,152.21,9645.85,1860,68698,218,63.37198607187438,0.698211009174312,0.11720430107526882,0.027075024018166468
2025-10-01,Google Ads,Holiday Campaign - Google Ads,4832.63,106213.87,7507,134349,743,21.978481696302012,6.50421265141319,0.09897429066204876,0.055876858033926564
2025-10-01,Google Ads,Winter Sale - Google Ads,10684.42,214522.66,24256,292603,1817,20.078081917408714,5.8802531645569625,0.07490930079155673,0.0828973045389145
2025-10-01,Meta Ads,Flash Promo - Meta Ads,2438.46,113307.26000000001,10706,104062,1122,46.466729001090854,2.1733155080213904,0.10480104614235008,0.10288097480348254
2025-10-01,Meta Ads,Holiday Campaign - Meta Ads,2608.3,88622.75,8467,48227,818,33.97720737645209,3.188630806845966,0.09661036967048542,0.1755655545648703
2025-11-01,TikTok Ads,VIP Retargeting - TikTok Ads,3307.2,213637.31,17364,117062,1584,64.59763848572811,2.087878787878788,0.0912232204561161,0.1483316533119202
2025-11-01,Affiliate,New Customer Acquisition - Affiliate,7355.17,101887.03,19027,261352,1249,13.85243712925738,5.888847077662129,0.06564355915278289,0.07280219780219781
2025-11-01,Affiliate,Winter Sale - Affiliate,6119.199999999999,79453.07,18988,310532,697,12.984225062099624,8.779340028694403,0.036707394143669685,0.061146677315059315
2025-11-01,Google Ads,New Customer Acquisition - Google Ads,4954.610000000001,58316.59,5391,146499,496,11.770167581303067,9.98913306451613,0.09200519384158783,0.03679888599922184
2025-11-01,Google Ads,VIP Retargeting - Google Ads,1014.53,94426.83,5687,72890,629,93.07445812346604,1.612925278219396,0.11060312994548971,0.07802167649883386
2025-11-01,Affiliate,Back to School - Affiliate,3920.3199999999997,110173.9,9222,98711,755,28.103292588360134,5.192476821192052,0.08186944263717198,0.09342423843340661
2025-11-01,Google Ads,Summer Deals - Google Ads,4139.71,99167.29,11856,317222,1119,23.955129707153397,3.699472743521001,0.0943825910931174,0.03737445700487356
2025-11-01,Email,Summer Deals - Email,3328.4700000000003,2112.37,4514,127448,17,0.634636935288586,195.7923529411765,0.0037660611431103233,0.03541836670642144
2025-12-01,Google Ads,VIP Retargeting - Google Ads,7784.89,39764.96,15835,298681,461,5.107966843462142,16.886963123644254,0.029112724976318283,0.05301642889905953
2025-12-01,Email,VIP Retargeting - Email,8265.8,92276.49,13183,291794,771,11.163649011589927,10.720881971465628,0.058484411742395506,0.04517913322412387
2025-12-01,Email,Winter Sale - Email,4395.52,49351.39,9401,94794,420,11.227656796010482,10.46552380952381,0.044676098287416234,0.09917294343523851
2025-12-01,Google Ads,Summer Deals - Google Ads,3399.58,104105.75000000001,12094,99671,915,30.623121091428946,3.7153879781420764,0.07565735075243922,0.12133920598769952
2025-12-01,Google Ads,New Customer Acquisition - Google Ads,1936.05,0.0,651,54702,0,0.0,,0.0,0.011900844576066688
2025-01-01,TikTok Ads,Flash Promo - TikTok Ads,1349.72,47926.92,10392,90012,524,35.508787007675664,2.5758015267175574,0.050423402617398,0.11545127316357819
2025-01-01,Email,Flash Promo - Email,6327.73,55012.94,10637,131637,814,8.693945538131368,7.773624078624078,0.07652533609100311,0.08080554859196122
2025-01-01,Google Ads,Summer Deals - Google Ads,4062.47,114240.48000000001,19414,214041,1278,28.120941200796565,3.17877151799687,0.06582878335222005,0.0907022486346074
2025-01-01,Google Ads,New Customer Acquisition - Google Ads,4232.21,78816.78,7900,160765,638,18.62307872246415,6.633557993730408,0.08075949367088607,0.04914004914004914
2025-01-01,Google Ads,VIP Retargeting - Google Ads,2158.21,3274.28,359,35252,27,1.5171276196477637,79.9337037037037,0.07520891364902507,0.010183819357766936
2025-01-01,Email,New Customer Acquisition - Email,3792.7,16794.12,4239,64408,147,4.428011706699713,25.800680272108842,0.03467799009200283,0.06581480561420941
2025-01-01,Affiliate,Flash Promo - Affiliate,1127.43,3945.45,1356,80168,23,3.499507729969931,49.01869565217392,0.01696165191740413,0.016914479592855004
2025-02-01,Email,Flash Promo - Email,261.96,17825.5,4104,73882,419,68.04664834325852,0.6252028639618138,0.10209551656920078,0.05554803605749709
2025-02-01,Google Ads,Holiday Campaign - Google Ads,1388.02,374.82,186,69428,3,0.2700393366089826,462.67333333333335,0.016129032258064516,0.0026790343953448175
2025-02-01,Email,New Customer Acquisition - Email,3866.62,14364.83,5137,137199,107,3.715087078637156,36.13663551401869,0.020829277788592563,0.03744196386271037
2025-02-01,Affiliate,New Customer Acquisition - Affiliate,4605.47,176658.25999999998,17303,232121,1504,38.35835647610341,3.062147606382979,0.08692134311969023,0.07454301851189682
2025-02-01,Affiliate,Winter Sale - Affiliate,6510.25,28186.34,13866,233072,327,4.329532660036097,19.909021406727827,0.023582864560796193,0.059492345712912745
2025-02-01,Affiliate,Back to School - Affiliate,550.93,178.13,277,50662,1,0.32332601237906816,550.93,0.0036101083032490976,0.005467608858710671
2025-02-01,Google Ads,Winter Sale - Google Ads,2671.13,30013.480000000003,4595,84133,457,11.236248329358737,5.84492341356674,0.09945593035908597,0.054615905768247895
2025-03-01,Email,Back to School - Email,9714.81,20933.920000000002,16124,206828,281,2.154846054632052,34.57227758007117,0.017427437360456464,0.07795849691531127
2025-03-01,Affiliate,VIP Retargeting - Affiliate,4658.51,40575.77,14390,51988,767,8.71003174834872,6.073676662320731,0.05330090340514246,0.276794644918058
2025-03-01,TikTok Ads,New Customer Acquisition - TikTok Ads,507.36,20715.59,4255,57010,301,40.83016004415011,1.6855813953488372,0.07074030552291422,0.07463602876688301
2025-03-01,Email,Holiday Campaign - Email,230.46,7348.53,2292,49676,59,31.88635771934392,3.9061016949152543,0.02574171029668412,0.04613898059425074
2025-04-01,Meta Ads,Back to School - Meta Ads,5555.54,16565.17,5769,156951,221,2.9817389488690567,25.13819004524887,0.03830819899462645,0.036756694764608064
2025-04-01,Email,Back to School - Email,4125.91,6997.81,3484,50529,110,1.6960646257431695,37.508272727272725,0.03157290470723306,0.06895050367115914
2025-04-01,Email,Holiday Campaign - Email,1110.35,5549.59,1038,47212,37,4.998054667447202,30.009459459459457,0.03564547206165703,0.021985935779039227
2025-04-01,Affiliate,Summer Deals - Affiliate,3384.7699999999995,70184.87,7243,36881,525,20.735491628677874,6.447180952380951,0.07248377744028717,0.1963883842628996
2025-05-01,TikTok Ads,VIP Retargeting - TikTok Ads,3590.63,49590.24,8249,84745,362,13.811013666125442,9.918867403314918,0.04388410716450479,0.09733907605168446
2025-06-01,Google Ads,Back to School - Google Ads,3552.26,16570.79,3826,78108,144,4.664858428155597,24.668472222222224,0.03763721902770518,0.04898345880063502
2025-06-01,TikTok Ads,Winter Sale - TikTok Ads,5787.490000000001,75619.14000000001,12598,169558,908,13.065964692811566,6.373887665198239,0.07207493252897285,0.07429905990870381
2025-06-01,Meta Ads,Holiday Campaign - Meta Ads,5405.38,78516.62,14228,166539,624,14.525642970521961,8.662467948717948,0.04385718301939837,0.0854334420165847
2025-06-01,TikTok Ads,Holiday Campaign - TikTok Ads,3840.6299999999997,56899.19,9417,178702,480,14.815066798936634,8.0013125,0.05097164702134438,0.05269666819621493
2025-06-01,Meta Ads,Flash Promo - Meta Ads,4489.69,46154.04,5429,104972,460,10.28000596923173,9.760195652173913,0.08473015288266716,0.05171855351903365
2025-07-01,TikTok Ads,Summer Deals - TikTok Ads,5015.74,61251.71,12277,292124,588,12.211898942130174,8.53017006802721,0.04789443675164943,0.04202667360435979
2025-07-01,TikTok Ads,Back to School - TikTok Ads,6720.400000000001,63666.84,16095,206632,848,9.473668234033687,7.925000000000001,0.052687169928549236,0.07789209802934687
2025-07-01,Google Ads,Holiday Campaign - Google Ads,5622.91,24400.44,10434,176027,249,4.3394683535749285,22.581967871485944,0.02386428982173663,0.059274997585597664
2025-07-01,Google Ads,Winter Sale - Google Ads,7929.28,84587.51,14775,182480,598,10.667741585616852,13.259665551839465,0.040473773265651436,0.08096777729066199
2025-07-01,Meta Ads,Winter Sale - Meta Ads,5847.24,165376.08000000002,11699,203778,1031,28.28275904529317,5.671425800193986,0.08812719035815027,0.05741051536475969
2025-07-01,Email,New Customer Acquisition - Email,6762.41,101331.52000000002,17401,327250,1107,14.984527705359483,6.10877145438121,0.06361703350382161,0.05317341482047364
2025-07-01,Email,Flash Promo - Email,4666.34,89537.63,9784,161560,936,19.187978158471093,4.985405982905983,0.09566639411283728,0.06055954444169349
2025-08-01,Google Ads,Back to School - Google Ads,10493.269999999999,91986.4,22367,294060,955,8.766228258683899,10.98771727748691,0.04269683015156257,0.076062708290825
2025-08-01,Email,Winter Sale - Email,3059.91,141148.11,20154,215121,1422,46.12819004480524,2.1518354430379745,0.070556713307532,0.09368680881922267
2025-08-01,Email,VIP Retargeting - Email,4946.56,28952.93,7239,185208,174,5.853144407426575,28.42850574712644,0.02403646912556983,0.03908578463133342
2025-08-01,Affiliate,Flash Promo - Affiliate,5839.820000000001,82255.84999999999,15243,247023,967,14.085339959108326,6.039110651499484,0.0634389555861707,0.061706804629528426
2025-09-01,Affiliate,VIP Retargeting - Affiliate,3457.2,50301.79,9854,128540,646,14.549864051833856,5.351702786377709,0.06555713415871728,0.07666096156838338
2025-09-01,Google Ads,Back to School - Google Ads,7505.360000000001,58313.09,12295,129092,341,7.76952604538623,22.00985337243402,0.027734851565677104,0.09524215288321507
2025-10-01,TikTok Ads,New Customer Acquisition - TikTok Ads,3696.6899999999996,19739.71,2104,221176,151,5.339833743159422,24.481390728476818,0.0717680608365019,0.00951278619741744
2025-10-01,Affiliate,Holiday Campaign - Affiliate,3865.9700000000003,32989.42,3698,103687,274,8.53328401410254,14.109379562043797,0.07409410492157924,0.03566503033167128
2025-11-01,Email,Winter Sale - Email,6398.85,34279.61,11921,169528,713,5.357151675691726,8.974544179523143,0.059810418589044546,0.07031876740125526
2025-11-01,Affiliate,Summer Deals - Affiliate,3269.1499999999996,80392.59,7967,67866,633,24.591282137558693,5.164533965244865,0.07945274256307268,0.11739309816402911
2025-11-01,Meta Ads,Flash Promo - Meta Ads,2300.74,22170.48,5076,157329,296,9.63623877535054,7.77277027027027,0.05831363278171789,0.03226360048052171
2025-11-01,TikTok Ads,Flash Promo - TikTok Ads,3633.3100000000004,1642.32,4662,70108,28,0.45201758176428647,129.76107142857146,0.006006006006006006,0.06649740400524905
2025-11-01,Email,VIP Retargeting - Email,2661.09,45970.24,6914,78076,667,17.27496627321887,3.989640179910045,0.09647092855076655,0.08855474153389005
2025-11-01,Meta Ads,Holiday Campaign - Meta Ads,3475.35,58353.58,4533,69717,335,16.79070597206037,10.374179104477612,0.07390249283035517,0.06502000946684452
2025-11-01,Google Ads,Flash Promo - Google Ads,1734.62,64368.020000000004,8669,91394,557,37.10785071081851,3.1142190305206463,0.0642519321721075,0.09485305381097227
2025-12-01,Email,Summer Deals - Email,8279.439999999999,90264.47,16183,332139,808,10.902243388441732,10.246831683168315,0.0499289377742075,0.04872357657486775
2025-12-01,Google Ads,Flash Promo - Google Ads,3985.6000000000004,40305.91,9899,216834,303,10.11288388197511,13.153795379537955,0.030609152439640366,0.0456524345812926
2025-01-01,Email,Summer Deals - Email,1924.96,15036.64,4281,23107,236,7.8114038733272375,8.156610169491525,0.05512730670404111,0.18526853334487384
2025-01-01,Meta Ads,Winter Sale - Meta Ads,3535.61,57513.56,13135,134424,505,16.266941206750744,7.00120792079208,0.03844689760182718,0.0977132059751235
2025-02-01,Email,Summer Deals - Email,6151.27,87326.55,13319,106124,610,14.196507387905262,10.08404918032787,0.04579923417674,0.125504127247371
2025-02-01,TikTok Ads,Flash Promo - TikTok Ads,3536.79,14642.16,3159,165384,161,4.139957419015548,21.967639751552795,0.05096549540993985,0.01910100130605137
2025-03-01,Meta Ads,Winter Sale - Meta Ads,5014.79,69010.85,12989,129785,890,13.761463590698714,5.634595505617978,0.06851951651397337,0.10008090303193744
2025-03-01,Affiliate,Holiday Campaign - Affiliate,2907.37,56600.17,9642,135944,709,19.467824872651228,4.100662905500705,0.07353246214478323,0.07092626375566409
2025-03-01,Google Ads,Summer Deals - Google Ads,6637.77,60119.229999999996,15387,287215,521,9.057142684967992,12.740441458733207,0.033859751738480534,0.05357310725414759
2025-03-01,Google Ads,New Customer Acquisition - Google Ads,2145.19,6923.31,3177,80136,52,3.227364475873932,41.253653846153846,0.016367642429965377,0.039645103324348605
2025-03-01,Google Ads,VIP Retargeting - Google Ads,6171.32,33635.53,13875,173819,576,5.4502975052338885,10.714097222222222,0.04151351351351351,0.0798244150524396
2025-03-01,TikTok Ads,Holiday Campaign - TikTok Ads,2926.1800000000003,1898.02,4284,128849,30,0.648634055321272,97.53933333333335,0.0070028011204481795,0.03324822078557071
2025-03-01,TikTok Ads,Winter Sale - TikTok Ads,2960.3,55694.119999999995,7521,31041,460,18.813674289767928,6.435434782608696,0.06116207951070336,0.24229245191843046
2025-04-01,Google Ads,Winter Sale - Google Ads,3120.5299999999997,79032.65999999999,11487,195601,671,25.326678480899076,4.650566318926974,0.058413859145120574,0.0587266936263107
2025-04-01,Google Ads,Holiday Campaign - Google Ads,3431.79,49051.05,11269,189275,577,14.293138566171008,5.947642980935875,0.05120241370130446,0.059537709681680095
2025-04-01,TikTok Ads,Flash Promo - TikTok Ads,364.42,27360.17,3291,40505,237,75.07867295977168,1.5376371308016878,0.07201458523245215,0.08124922849030984
2025-05-01,Affiliate,Flash Promo - Affiliate,11323.439999999999,175798.19,25406,367102,1627,15.525157549295976,6.959704978488014,0.06403999055341258,0.06920692341638018
2025-05-01,Email,VIP Retargeting - Email,8394.349999999999,138366.09,22088,196824,1134,16.48324051296408,7.40242504409171,0.05134009416877943,0.11222208673738975
2025-05-01,Meta Ads,Winter Sale - Meta Ads,3241.25,120187.29,8438,110159,772,37.08053682992672,4.1985103626943,0.09149087461483764,0.07659837144491144
2025-05-01,Email,Winter Sale - Email,2667.88,136684.51,8921,127861,1021,51.23338006207176,2.6130068560235067,0.11444905279677166,0.06977107953167894
2025-06-01,Affiliate,Holiday Campaign - Affiliate,4117.91,3957.94,5874,43683,54,0.9611526235396112,76.25759259259259,0.009193054136874362,0.13446878648444474
2025-06-01,TikTok Ads,New Customer Acquisition - TikTok Ads,5672.959999999999,116486.62999999999,16825,181361,905,20.53365967678249,6.268464088397789,0.053789004457652306,0.0927707721064617
2025-06-01,Google Ads,Flash Promo - Google Ads,3768.6500000000005,64075.399999999994,5986,112015,451,17.00221564751303,8.356208425720622,0.07534246575342465,0.053439271526134896
2025-07-01,Email,Summer Deals - Email,4239.53,123300.03000000001,12825,289741,1018,29.083419624345158,4.164567779960707,0.07937621832358674,0.044263669967315636
2025-07-01,Affiliate,Summer Deals - Affiliate,4877.0599999999995,64785.020000000004,14443,318601,695,13.283621690116588,7.017352517985611,0.04812019663504812,0.045332563300177965
2025-08-01,Meta Ads,Flash Promo - Meta Ads,1295.34,21647.02,3100,7248,215,16.711457995584173,6.0248372093023255,0.06935483870967742,0.42770419426048567
2025-08-01,TikTok Ads,Flash Promo - TikTok Ads,5741.52,17296.07,10010,134622,201,3.012454889994287,28.56477611940299,0.02007992007992008,0.07435634591671494
2025-08-01,Google Ads,Flash Promo - Google Ads,5079.099999999999,77943.26999999999,18795,168102,904,15.345882144474414,5.618473451327433,0.048097898377227985,0.11180711710747046
2025-08-01,Meta Ads,Holiday Campaign - Meta Ads,4280.63,23124.179999999997,6146,182383,250,5.402050632733966,17.12252,0.040676863000325414,0.03369831618078439
2025-09-01,Google Ads,Flash Promo - Google Ads,4913.72,77808.47,6301,102100,527,15.83494175492295,9.323946869070209,0.08363751785430884,0.06171400587659158
2025-09-01,TikTok Ads,VIP Retargeting - TikTok Ads,6720.82,77648.69,10874,225582,716,11.553454786767091,9.386620111731844,0.06584513518484458,0.04820420068977135
2025-09-01,Affiliate,Holiday Campaign - Affiliate,3622.15,68273.68,6668,125437,444,18.84893778556934,8.157995495495495,0.0665866826634673,0.05315815907587076
2025-09-01,Email,VIP Retargeting - Email,14089.58,66355.95,12665,487373,742,4.709576154860542,18.988652291105122,0.05858665613896565,0.025986256932575256
2025-09-01,Email,Winter Sale - Email,2955.76,45423.37,6037,106094,254,15.367746366416759,11.636850393700788,0.04207387775385125,0.056902369596772674
2025-09-01,Meta Ads,Winter Sale - Meta Ads,2454.12,27111.05,7586,106397,185,11.04715743321435,13.265513513513513,0.024387028737147376,0.07129900279143209
2025-10-01,Meta Ads,Winter Sale - Meta Ads,2902.54,10840.87,4590,114273,227,3.734959724930578,12.786519823788547,0.04945533769063181,0.040166968575253995
2025-10-01,Affiliate,VIP Retargeting - Affiliate,3111.85,31253.23,5064,83695,242,10.04329578867876,12.85888429752066,0.04778830963665087,0.06050540653563534
2025-10-01,TikTok Ads,Winter Sale - TikTok Ads,1953.91,34905.95,8211,96959,261,17.864666233347492,7.48624521072797,0.031786627694556084,0.08468527934487773
2025-10-01,TikTok Ads,Holiday Campaign - TikTok Ads,5388.129999999999,24697.609999999997,9673,141841,207,4.583707148862407,26.029613526570046,0.02139977256280368,0.06819607870784893
2025-11-01,Google Ads,Back to School - Google Ads,7393.859999999999,207449.77,25583,258452,1953,28.05703245665999,3.78589861751152,0.07633975686979635,0.09898549827434108
2025-12-01,Google Ads,Back to School - Google Ads,9394.779999999999,198046.02999999997,27604,518678,1825,21.080432963837364,5.147824657534246,0.06611360672366323,0.05321991678845064
2025-12-01,TikTok Ads,VIP Retargeting - TikTok Ads,4497.9,33158.64,14623,189950,447,7.3720269459080905,10.06241610738255,0.030568282842098064,0.07698341668860226
2025-12-01,Email,New Customer Acquisition - Email,5582.139999999999,81106.53,21079,234202,1078,14.529648127778954,5.178237476808905,0.05114094596517861,0.09000350125105679
2025-12-01,Affiliate,Winter Sale - Affiliate,5317.34,119945.78,13274,207875,975,22.557477987113856,5.453682051282051,0.07345186078047311,0.06385568250150331
2025-12-01,Affiliate,New Customer Acquisition - Affiliate,2425.18,22408.989999999998,3677,113668,180,9.240134752884321,13.47322222222222,0.048952950775088384,0.03234859415138825
2025-12-01,Meta Ads,Back to School - Meta Ads,3943.9400000000005,34698.770000000004,4453,46457,371,8.79799641982383,10.63056603773585,0.08331461935773636,0.09585207826592333
2025-12-01,Affiliate,Back to School - Affiliate,1501.98,11151.869999999999,4995,138455,249,7.424779291335437,6.032048192771084,0.04984984984984985,0.036076703622115486
2025-12-01,Email,Flash Promo - Email,737.98,25012.98,2260,87849,269,33.89384536166292,2.7434200743494426,0.11902654867256637,0.025725961593188313
2025-01-01,Google Ads,Holiday Campaign - Google Ads,1557.72,11417.89,11417,169857,101,7.32987314793416,15.422970297029703,0.008846457037750723,0.06721536351165981
2025-01-01,Google Ads,Winter Sale - Google Ads,7247.9400000000005,89227.08,10324,239817,815,12.310681379812745,8.89317791411043,0.07894227043781481,0.043049491904243654
2025-01-01,TikTok Ads,New Customer Acquisition - TikTok Ads,5527.25,121116.63,18245,277126,1048,21.91263829209824,5.274093511450381,0.05744039462866539,0.06583647871365372
2025-01-01,Email,Holiday Campaign - Email,3106.35,49663.75,5073,134990,491,15.987815281600593,6.326578411405295,0.09678691109796965,0.03758056152307578
2025-01-01,Meta Ads,Back to School - Meta Ads,7681.57,138928.59,23041,228401,1932,18.085962895605977,3.975967908902691,0.08385052732086282,0.1008795933467892
2025-01-01,Email,Back to School - Email,2562.3,19224.84,6678,72645,155,7.502962182414237,16.530967741935484,0.023210542078466605,0.09192649184389841
2025-02-01,TikTok Ads,Winter Sale - TikTok Ads,8738.15,102733.54,19017,258547,746,11.75689819927559,11.713337801608578,0.03922805910501131,0.07355335780341679
2025-02-01,Google Ads,New Customer Acquisition - Google Ads,6526.84,131700.06,18655,210251,1195,20.178227135949403,5.46179079497908,0.06405789332618601,0.08872728310447989
2025-02-01,Google Ads,Summer Deals - Google Ads,5732.780000000001,84883.9,19007,274551,1103,14.806760419900987,5.197443336355395,0.05803125164413111,0.06922939635987485
2025-02-01,Google Ads,VIP Retargeting - Google Ads,7066.04,124389.6,15185,331252,1123,17.603862984075946,6.292110418521816,0.07395456042146856,0.04584123265670849
2025-02-01,TikTok Ads,Holiday Campaign - TikTok Ads,3826.1800000000003,28791.190000000002,7863,50650,547,7.524787124494927,6.994844606946984,0.0695663232862775,0.15524185587364264
2025-02-01,Email,Back to School - Email,3254.42,92930.15,14066,102567,729,28.555057429588064,4.464224965706447,0.05182710081046495,0.13713962580557099
2025-02-01,Email,Holiday Campaign - Email,4505.530000000001,30848.07,7150,189769,534,6.8467128173599985,8.437322097378278,0.07468531468531468,0.03767738671753553
2025-03-01,Email,Flash Promo - Email,3834.41,46256.99,3986,48067,282,12.06365255671668,13.597198581560283,0.07074761665830406,0.08292591590904362
2025-03-01,TikTok Ads,Flash Promo - TikTok Ads,5694.85,86299.97,9377,185025,605,15.154037419774006,9.412975206611572,0.06451956915857951,0.05067963788677206
2025-03-01,Email,New Customer Acquisition - Email,2292.28,33466.37,2090,41888,230,14.599599525363393,9.966434782608696,0.11004784688995216,0.04989495798319328
2025-03-01,Meta Ads,Back to School - Meta Ads,1763.58,24197.88,4970,59924,224,13.720885925220292,7.873125,0.04507042253521127,0.08293838862559241
2025-04-01,Affiliate,Holiday Campaign - Affiliate,2964.5099999999998,47790.03,11365,312830,306,16.120718095064614,9.687941176470588,0.026924769027716674,0.03632963590448486
2025-04-01,TikTok Ads,Holiday Campaign - TikTok Ads,2765.5,27887.92,3020,117422,165,10.084223467727353,16.76060606060606,0.054635761589403975,0.025719200831190066
2025-04-01,Email,New Customer Acquisition - Email,2496.0699999999997,76005.62,12555,69809,788,30.450115581694426,3.1676015228426393,0.06276383910792513,0.17984787061840163
2025-04-01,TikTok Ads,Winter Sale - TikTok Ads,6477.96,11524.61,9312,174611,162,1.7790492685969042,39.98740740740741,0.017396907216494846,0.053329973483915674
2025-04-01,Email,Flash Promo - Email,2369.71,9852.32,1450,43740,65,4.157605782986104,36.457076923076926,0.04482758620689655,0.033150434385002286
2025-05-01,Affiliate,Back to School - Affiliate,1645.21,2514.18,2028,79797,48,1.5281818126561348,34.27520833333333,0.023668639053254437,0.025414489266513778
2025-05-01,Meta Ads,Back to School - Meta Ads,5780.13,64808.719999999994,9457,283019,434,11.212329134465833,13.318271889400922,0.0458919319022946,0.033414717739798386
2025-05-01,Google Ads,Flash Promo - Google Ads,4925.110000000001,26371.89,11963,215889,414,5.354578882502116,11.896400966183576,0.03460670400401237,0.05541273524820625
2025-05-01,Affiliate,New Customer Acquisition - Affiliate,2097.9,53588.45,7479,135026,471,25.543853377186707,4.454140127388535,0.06297633373445648,0.05538933242486632
2025-05-01,Affiliate,Winter Sale - Affiliate,2423.77,888.58,1021,49776,22,0.3666106932588488,110.17136363636364,0.021547502448579822,0.020511893281902924
2025-06-01,Meta Ads,Summer Deals - Meta Ads,3807.99,22324.010000000002,4774,127222,187,5.862412979025681,20.363582887700534,0.03917050691244239,0.037524956375469654
2025-06-01,Meta Ads,New Customer Acquisition - Meta Ads,2563.29,13921.52,7576,130497,87,5.431113920001248,29.463103448275863,0.01148363252375924,0.058054974443856946
2025-06-01,Meta Ads,VIP Retargeting - Meta Ads,4982.1900000000005,19965.93,9433,120896,230,4.007460574566606,21.661695652173915,0.024382487013675395,0.07802574113287454
2025-06-01,Email,Winter Sale - Email,1933.35,12228.24,4315,100261,128,6.324897199162076,15.104296875,0.02966396292004635,0.04303767167692323
2025-06-01,Email,VIP Retargeting - Email,5799.99,94446.12,13098,139542,1058,16.28384186869288,5.48203213610586,0.08077569094518247,0.09386421292514081
2025-07-01,Email,Back to School - Email,7743.68,66320.33,12348,142656,467,8.564446103144759,16.581755888650964,0.03781988986070619,0.0865578734858681
2025-07-01,Google Ads,VIP Retargeting - Google Ads,3667.18,24676.49,12425,86512,324,6.729009756815865,11.318456790123456,0.026076458752515092,0.14362169410024042
2025-07-01,Email,Holiday Campaign - Email,2794.82,34027.22,11804,74746,330,12.175102511074058,8.469151515151516,0.027956624872924433,0.157921494126776
2025-07-01,Google Ads,New Customer Acquisition - Google Ads,3283.22,23207.82,7084,135687,254,7.068615566425644,12.926062992125983,0.03585544889892716,0.05220839137131781
2025-07-01,Google Ads,Summer Deals - Google Ads,3662.66,79602.77,9850,99818,607,21.733595255906913,6.034036243822076,0.061624365482233504,0.09867959686629665
2025-07-01,Affiliate,VIP Retargeting - Affiliate,2578.29,24804.58,5906,137446,536,9.620554708741066,4.8102425373134325,0.09075516423975619,0.04296960260756952
2025-08-01,TikTok Ads,Holiday Campaign - TikTok Ads,3132.8,95361.76999999999,12915,211186,1039,30.439788687436153,3.0152069297401347,0.08044909020518777,0.0611546219919881
2025-08-01,TikTok Ads,Winter Sale - TikTok Ads,3181.58,9081.74,3997,88525,143,2.854474820686577,22.24881118881119,0.035776832624468353,0.04515108726348489
2025-09-01,Meta Ads,Back to School - Meta Ads,5229.58,31944.479999999996,11468,271443,350,6.108421708817916,14.941657142857142,0.030519707010812695,0.04224828048614258
2025-09-01,TikTok Ads,Back to School - TikTok Ads,6585.139999999999,202816.84,13588,177499,1246,30.799169038167754,5.285024077046549,0.0916985575507801,0.07655254395799413
2025-09-01,TikTok Ads,Summer Deals - TikTok Ads,1319.23,32870.4,6852,96229,226,24.916352720905376,5.837300884955752,0.03298307063631056,0.07120514605784119
2025-10-01,Meta Ads,Back to School - Meta Ads,6258.700000000002,183538.94,24003,403221,1736,29.325409430073332,3.605241935483872,0.07232429279673375,0.05952814957554294
2025-10-01,TikTok Ads,Flash Promo - TikTok Ads,6503.63,134838.24,14868,209410,1198,20.73276616289672,5.428739565943239,0.080575733118106,0.07099947471467456
2025-10-01,Email,VIP Retargeting - Email,8372.27,93046.90000000001,28288,330978,776,11.113700346501009,10.789007731958764,0.02743212669683258,0.08546791629655143
2025-10-01,Affiliate,Summer Deals - Affiliate,3938.24,89053.53,7657,172958,634,22.61251980580158,6.21173501577287,0.0828000522397806,0.0442708634466171
2025-10-01,Email,Winter Sale - Email,3665.94,136565.18,19712,162413,1273,37.25243184558394,2.8797643362136687,0.0645799512987013,0.12136959479844593
2025-11-01,Affiliate,Holiday Campaign - Affiliate,2625.67,29209.170000000002,4229,112724,368,11.124463470276158,7.1349728260869565,0.08701820761409317,0.03751641176679323
2025-11-01,TikTok Ads,New Customer Acquisition - TikTok Ads,6006.18,71064.22,13062,162660,545,11.831849861309518,11.02051376146789,0.041724085132445264,0.08030247141276282
2025-11-01,Meta Ads,VIP Retargeting - Meta Ads,6964.009999999999,149328.06,16894,224745,1300,21.4428267621672,5.356930769230769,0.07695039659050551,0.07516963669937039
2025-11-01,Meta Ads,Summer Deals - Meta Ads,4225.8,95680.32,8960,125433,631,22.641942354110466,6.696988906497623,0.07042410714285714,0.07143255762040293
2025-11-01,Meta Ads,New Customer Acquisition - Meta Ads,791.92,45493.1,5948,54040,258,57.446585513688255,3.069457364341085,0.04337592468056489,0.11006661732050334
2025-12-01,TikTok Ads,Back to School - TikTok Ads,5040.360000000001,55319.94,6618,148299,431,10.97539461467038,11.694570765661254,0.06512541553339378,0.04462605951489895
2025-12-01,Affiliate,Flash Promo - Affiliate,7292.78,68027.97,11079,174247,682,9.328125899862604,10.693225806451613,0.06155790233775611,0.06358215636424157
2025-12-01,TikTok Ads,Summer Deals - TikTok Ads,3836.34,31799.42,7131,125066,249,8.288999410896844,15.40698795180723,0.034917963819941104,0.05701789455167672
2025-12-01,Meta Ads,Winter Sale - Meta Ads,4201.85,92617.23999999999,15304,191816,1327,22.042014826802475,3.1664280331574983,0.08670935703084161,0.07978479376068733
2025-01-01,Meta Ads,New Customer Acquisition - Meta Ads,12156.81,26286.28,17981,392453,338,2.1622678975816845,35.96689349112426,0.018797619709693566,0.04581695132920375
2025-01-01,Meta Ads,Summer Deals - Meta Ads,651.52,35889.84,9220,146431,371,55.08632121807465,1.7561185983827492,0.040238611713665946,0.06296480936413737
2025-01-01,Meta Ads,VIP Retargeting - Meta Ads,1393.48,0.0,5405,24808,0,0.0,,0.0,0.21787326668816512
2025-02-01,Google Ads,Flash Promo - Google Ads,3988.62,74811.61,14224,134333,1020,18.7562640712828,3.910411764705882,0.07170978627671541,0.1058861188241162
2025-02-01,TikTok Ads,Summer Deals - TikTok Ads,6200.94,95086.53,14443,144751,924,15.334212232338968,6.710974025974026,0.06397562833206398,0.09977823987399051
2025-02-01,Affiliate,Holiday Campaign - Affiliate,8243.310000000001,73684.3,18609,293938,666,8.938678758896607,12.377342342342343,0.03578913428985975,0.06330926930168947
2025-03-01,Meta Ads,Summer Deals - Meta Ads,6769.450000000001,119721.28,16957,105885,1132,17.685525411961088,5.980079505300354,0.06675709146665094,0.16014544080842424
2025-03-01,Meta Ads,VIP Retargeting - Meta Ads,1959.61,125549.79000000001,10226,44759,1049,64.0687636825695,1.8680743565300284,0.10258165460590651,0.2284680176053978
2025-03-01,TikTok Ads,VIP Retargeting - TikTok Ads,1305.27,24704.62,4674,46120,431,18.92682739969508,3.0284686774941996,0.0922122379118528,0.10134431916738942
2025-03-01,Meta Ads,New Customer Acquisition - Meta Ads,3612.41,35193.04,6734,98598,270,9.74226070684114,13.379296296296296,0.04009504009504009,0.06829753139008905
2025-04-01,Meta Ads,Holiday Campaign - Meta Ads,4292.34,51456.25,4567,120541,496,11.987925001281353,8.653911290322581,0.10860521129844537,0.03788752374710679
2025-04-01,TikTok Ads,Summer Deals - TikTok Ads,1697.34,52100.66,7612,152077,398,30.695476451388647,4.26467336683417,0.05228586442459275,0.05005359127284205
2025-04-01,Google Ads,Back to School - Google Ads,5332.73,90759.19,13665,177901,1124,17.019273430306804,4.744421708185053,0.08225393340651299,0.07681238441605162
2025-04-01,TikTok Ads,Back to School - TikTok Ads,9021.87,87185.85,21667,335932,682,9.663833551137403,13.228548387096776,0.03147643882401809,0.06449817224914565
2025-04-01,Meta Ads,Flash Promo - Meta Ads,4802.77,83114.96,8803,148301,567,17.30562987609234,8.470493827160494,0.06440986027490628,0.05935900634520334
2025-05-01,Email,Holiday Campaign - Email,8644.210000000001,104358.34,16421,466531,864,12.072628962045114,10.004872685185186,0.05261555325497838,0.03519808973037161
2025-05-01,Meta Ads,VIP Retargeting - Meta Ads,699.48,275.26,1790,38507,6,0.3935209012409218,116.58,0.0033519553072625698,0.046485054665385515
2025-05-01,TikTok Ads,New Customer Acquisition - TikTok Ads,6223.549999999999,74950.89,11637,164537,840,12.043108836596478,7.408988095238095,0.07218355246197473,0.070725733421662
2025-05-01,Google Ads,VIP Retargeting - Google Ads,3303.4900000000002,64637.93,5690,10759,522,19.566558397331306,6.32852490421456,0.09173989455184535,0.5288595594386095
2025-05-01,Meta Ads,Summer Deals - Meta Ads,4257.84,123091.16,19101,286779,1088,28.909296732615598,3.9134558823529413,0.056960368567090726,0.06660529536681556
2025-05-01,Meta Ads,New Customer Acquisition - Meta Ads,6775.4,154941.15,16583,186273,1612,22.8681922838504,4.203101736972704,0.09720798408008201,0.08902524788885131
2025-05-01,Affiliate,Summer Deals - Affiliate,5655.33,119705.17,11360,176727,901,21.166787791340205,6.276725860155383,0.07931338028169015,0.06427993458837643
2025-05-01,Email,Back to School - Email,2072.37,36427.34,5572,70814,436,17.57762368688989,4.753142201834862,0.07824838478104809,0.07868500578981558
2025-05-01,Google Ads,Summer Deals - Google Ads,7451.4800000000005,229844.37,21628,295497,1743,30.845465598780375,4.27508892713712,0.08058997595709266,0.07319194441906347
2025-05-01,Google Ads,New Customer Acquisition - Google Ads,615.71,0.0,4004,34220,0,0.0,,0.0,0.11700759789596728
2025-06-01,Email,Summer Deals - Email,9218.259999999998,94138.47,23694,336117,972,10.212173447049661,9.483806584362139,0.04102304380855913,0.07049331036514071
2025-07-01,Google Ads,Flash Promo - Google Ads,6414.929999999999,135105.74999999997,15831,234171,965,21.061141742778172,6.64759585492228,0.060956351462320764,0.06760444290710635
2025-07-01,Affiliate,Flash Promo - Affiliate,7759.529999999999,39231.11,11054,204973,397,5.05586163079465,19.545415617128462,0.03591460104939388,0.05392905407053612
2025-08-01,TikTok Ads,Summer Deals - TikTok Ads,6237.35,113009.68999999999,12194,198938,944,18.118221680681696,6.607362288135594,0.0774151221912416,0.06129547899345525
2025-08-01,TikTok Ads,Back to School - TikTok Ads,1459.23,1167.72,825,27572,7,0.8002302584239633,208.46142857142857,0.008484848484848486,0.029921659654722182
2025-09-01,Meta Ads,VIP Retargeting - Meta Ads,5251.98,86599.54000000001,16692,217356,656,16.488931793342704,8.006067073170732,0.03930026359932902,0.07679567161707061
2025-09-01,Email,Back to School - Email,8915.710000000001,69662.98,18812,235929,756,7.813508963391585,11.793267195767196,0.040187114607697215,0.07973585273535683
2025-09-01,Meta Ads,New Customer Acquisition - Meta Ads,3600.38,111007.68,14111,263577,1188,30.832212155383594,3.0306228956228956,0.08418963928849833,0.053536537710042985
2025-09-01,Meta Ads,Summer Deals - Meta Ads,3916.3,27748.95,2266,136461,231,7.085501621428389,16.953679653679654,0.10194174757281553,0.0166054770227391
2025-09-01,TikTok Ads,Holiday Campaign - TikTok Ads,2872.9,56437.89,9427,178539,506,19.644919767482335,5.677667984189723,0.05367561260210035,0.052800788623213975
2025-09-01,TikTok Ads,Winter Sale - TikTok Ads,1576.96,113384.26,8178,135059,706,71.90053013392857,2.233654390934844,0.08632917583761311,0.06055131461065164
2025-09-01,Email,Holiday Campaign - Email,1815.53,7891.09,974,6087,97,4.346438780962033,18.71680412371134,0.09958932238193019,0.16001314276326598
2025-10-01,Google Ads,New Customer Acquisition - Google Ads,6204.89,42244.6,12602,256298,388,6.808275408589032,15.991984536082475,0.030788763688303442,0.04916932633106774
2025-10-01,Google Ads,VIP Retargeting - Google Ads,14244.669999999998,125082.20000000001,17390,477773,1007,8.78098264122651,14.145650446871896,0.05790684301322599,0.03639803839898864
2025-10-01,Meta Ads,New Customer Acquisition - Meta Ads,5223.21,62150.950000000004,7471,93964,636,11.8989950624233,8.212594339622642,0.08512916610895463,0.07950917372610787
2025-10-01,Meta Ads,Summer Deals - Meta Ads,4106.6,56002.84,7433,156753,565,13.637276579165244,7.268318584070797,0.07601237723664739,0.0474185502031859
2025-10-01,Meta Ads,VIP Retargeting - Meta Ads,8823.53,247079.89999999997,27141,182707,1789,28.002386799840874,4.932101732811627,0.06591503629195682,0.1485493166654808
2025-10-01,Affiliate,Winter Sale - Affiliate,4890.31,76305.25,12365,49875,546,15.603356433436733,8.956611721611722,0.044156894460169835,0.24791979949874687
2025-10-01,Affiliate,New Customer Acquisition - Affiliate,7176.25,108497.87999999999,10759,166990,901,15.11902177321024,7.964761376248613,0.08374384236453201,0.06442900772501348
2025-10-01,Email,Summer Deals - Email,4963.47,12531.59,7758,124977,208,2.5247639252377874,23.86283653846154,0.026811033771590616,0.062075421877625485
2025-10-01,TikTok Ads,VIP Retargeting - TikTok Ads,5161.49,82149.3,21657,356803,1055,15.91581113205683,4.892407582938389,0.048714041649351246,0.060697359607402405
2025-11-01,Meta Ads,Back to School - Meta Ads,3670.79,82299.47,18986,215753,1478,22.420097581174627,2.483619756427605,0.07784683450963868,0.08799877637854399
2025-11-01,Google Ads,Winter Sale - Google Ads,2231.56,37644.990000000005,7974,116321,293,16.869360447400027,7.6162457337883955,0.03674441936292952,0.06855168026409676
2025-11-01,Google Ads,Holiday Campaign - Google Ads,3429.81,34918.96,4219,116980,309,10.18101877363469,11.099708737864077,0.07324010429011614,0.03606599418704052
2025-12-01,TikTok Ads,Holiday Campaign - TikTok Ads,5256.049999999999,64345.69,13174,166990,633,12.242214210291,8.30339652448657,0.04804918779413997,0.07889095155398528
2025-12-01,Google Ads,Winter Sale - Google Ads,3162.11,32199.26,4304,98509,339,10.182839939154551,9.327758112094395,0.0787639405204461,0.04369143936087058
2025-12-01,Affiliate,VIP Retargeting - Affiliate,4262.34,31458.99,9198,174795,571,7.380685257393826,7.464693520140106,0.06207871276364427,0.052621642495494725
2025-12-01,TikTok Ads,Winter Sale - TikTok Ads,2290.54,7005.27,1186,84775,80,3.0583486863359735,28.63175,0.06745362563237774,0.01398997345915659
2025-12-01,Google Ads,Holiday Campaign - Google Ads,2289.13,9765.73,2657,61531,218,4.26613167447895,10.50059633027523,0.08204742190440346,0.04318148575514781
2025-01-01,Email,Winter Sale - Email,9806.37,178814.22,34280,472985,1863,18.234496556829896,5.263752012882448,0.0543465577596266,0.07247587132784337
2025-01-01,Email,VIP Retargeting - Email,2593.19,56378.84,6173,175561,504,21.741114226107612,5.145218253968254,0.08164587720719262,0.03516156777416397
2025-01-01,Affiliate,Holiday Campaign - Affiliate,5833.820000000001,11157.02,10811,163492,101,1.912472445156004,57.760594059405946,0.00934233650911109,0.06612555966041152
2025-01-01,Google Ads,Back to School - Google Ads,1943.32,6033.33,700,19404,60,3.1046508037790996,32.388666666666666,0.08571428571428572,0.03607503607503607
2025-02-01,Email,Winter Sale - Email,4070.5499999999997,36789.81,5699,166128,400,9.038043998968199,10.176375,0.0701877522372346,0.03430487335066936
2025-02-01,Meta Ads,Flash Promo - Meta Ads,9542.400000000001,42788.399999999994,8832,266506,554,4.4840291750503,17.224548736462097,0.06272644927536232,0.033139966830015084
2025-02-01,TikTok Ads,VIP Retargeting - TikTok Ads,3993.98,83238.25,14758,148600,839,20.840928096785664,4.760405244338498,0.056850521750914755,0.0993135935397039
2025-02-01,Email,VIP Retargeting - Email,3323.48,65681.04,7018,160373,498,19.762730631747445,6.673654618473895,0.07096038757480763,0.04376048337313638
2025-03-01,Google Ads,Flash Promo - Google Ads,2379.7799999999997,59021.840000000004,7646,190992,500,24.801385001974978,4.75956,0.06539366989275439,0.04003309039122058
2025-03-01,TikTok Ads,Back to School - TikTok Ads,9783.630000000001,158732.97,27267,422599,1416,16.224343111912447,6.909343220338984,0.05193090549015293,0.06452215930468364
2025-03-01,TikTok Ads,Summer Deals - TikTok Ads,4268.5,12801.82,2231,120170,111,2.9991378704462925,38.45495495495496,0.04975347377857463,0.01856536573187984
2025-04-01,TikTok Ads,VIP Retargeting - TikTok Ads,5094.5599999999995,79147.88,14843,197481,818,15.535763638076697,6.228068459657701,0.055110152934042984,0.07516166112182944
2025-05-01,Affiliate,VIP Retargeting - Affiliate,6452.75,104942.12000000001,18744,114890,810,16.26316221765914,7.966358024691358,0.04321382842509603,0.16314735834276264
2025-05-01,Email,Summer Deals - Email,2279.87,20059.83,2070,14601,140,8.798672731339947,16.284785714285714,0.06763285024154589,0.14177111156770084
2025-06-01,Meta Ads,Winter Sale - Meta Ads,1894.06,49811.44,7510,103895,359,26.298765614605664,5.275933147632312,0.04780292942743009,0.072284518023004
2025-06-01,Google Ads,Summer Deals - Google Ads,5795.9400000000005,90535.19,13634,276461,1184,15.620449832123866,4.895219594594595,0.08684171923133344,0.04931617841214493
2025-06-01,Google Ads,VIP Retargeting - Google Ads,3791.95,55778.56,8966,101301,441,14.7097298223869,8.598526077097505,0.049185813071603836,0.08850850435829853
2025-06-01,Email,Back to School - Email,6970.049999999999,11499.439999999999,9124,256405,184,1.6498360843896385,37.88070652173913,0.020166593599298552,0.03558432947875431
2025-06-01,Email,Holiday Campaign - Email,2688.25,0.0,5366,68179,0,0.0,,0.0,0.07870458645624019
2025-06-01,Google Ads,New Customer Acquisition - Google Ads,1703.12,37252.8,5345,100435,570,21.87326788482315,2.9879298245614034,0.10664172123479888,0.0532184995270573
2025-07-01,Affiliate,New Customer Acquisition - Affiliate,2173.0,135199.16999999998,15383,201153,842,62.217749654855034,2.5807600950118763,0.054735747253461614,0.07647412665980621
2025-07-01,Affiliate,Back to School - Affiliate,5881.99,109639.61,10060,112767,987,18.63988378082928,5.959463019250253,0.09811133200795229,0.0892104959784334
2025-07-01,Email,Winter Sale - Email,5959.400000000001,73776.12,11639,152060,724,12.37978991173608,8.231215469613261,0.06220465675745339,0.07654215441273182
2025-07-01,TikTok Ads,New Customer Acquisition - TikTok Ads,3769.27,40669.71,6364,86471,404,10.789810759112507,9.329876237623763,0.06348208673790069,0.07359692845000058
2025-07-01,Meta Ads,Holiday Campaign - Meta Ads,8835.15,48531.759999999995,16757,323133,690,5.493031810438985,12.804565217391303,0.041176821626782836,0.05185790371147484
2025-07-01,Email,VIP Retargeting - Email,929.58,37565.49,11782,147422,356,40.411250242044794,2.611179775280899,0.030215583092853507,0.07992022900245553
2025-07-01,Affiliate,Winter Sale - Affiliate,515.32,15270.33,4512,81784,187,29.632713653652097,2.75572192513369,0.04144503546099291,0.05516971534774528
2025-07-01,Meta Ads,Flash Promo - Meta Ads,1336.2,18189.81,1827,74309,217,13.613089357880558,6.1576036866359445,0.11877394636015326,0.024586523839642573
2025-08-01,Affiliate,Holiday Campaign - Affiliate,5405.139999999999,80587.49,10950,143733,1047,14.909417702409192,5.162502387774594,0.09561643835616439,0.07618292250213939
2025-08-01,TikTok Ads,VIP Retargeting - TikTok Ads,8002.839999999998,159426.34,18649,140760,1165,19.92122046673431,6.869390557939913,0.06246983752480026,0.132487922705314
2025-08-01,Google Ads,New Customer Acquisition - Google Ads,4277.62,11190.8,12816,157351,90,2.6161276597734253,47.529111111111106,0.007022471910112359,0.08144848142051846
2025-08-01,Google Ads,VIP Retargeting - Google Ads,6754.98,120857.77,19527,160954,750,17.89165474953294,9.006639999999999,0.03840835765862652,0.12132037725064304
2025-08-01,Google Ads,Summer Deals - Google Ads,1430.1599999999999,5314.31,4027,64486,41,3.7158849359512227,34.88195121951219,0.010181276384405264,0.06244766305864839
2025-08-01,Email,New Customer Acquisition - Email,4732.52,36295.66,9423,87924,348,7.669415026243946,13.599195402298852,0.03693091372174467,0.1071721031800191
2025-08-01,Email,Flash Promo - Email,4249.88,39704.219999999994,6437,160008,424,9.342433198113827,10.023301886792453,0.06586919372378437,0.040229238538073094
2025-09-01,Google Ads,VIP Retargeting - Google Ads,7549.169999999999,145140.66,20927,270203,1550,19.22604206820088,4.870432258064516,0.07406699479141779,0.07744917710018023
2025-09-01,Google Ads,Summer Deals - Google Ads,3429.23,6666.26,6530,137940,72,1.943952432470263,47.628194444444446,0.011026033690658498,0.04733942293750906
2025-09-01,TikTok Ads,Flash Promo - TikTok Ads,1544.69,0.0,824,72702,0,0.0,,0.0,0.011333938543643916
2025-09-01,Email,Summer Deals - Email,5420.2,49300.399999999994,7474,196220,538,9.095679126231504,10.074721189591077,0.07198287396307199,0.038089899092854956
2025-09-01,Google Ads,New Customer Acquisition - Google Ads,4472.0,83717.29,11223,141939,810,18.720324239713772,5.5209876543209875,0.07217321571772253,0.07906917760446389
2025-10-01,Email,Holiday Campaign - Email,2247.9,5026.63,451,20700,32,2.236144846300992,70.246875,0.07095343680709534,0.02178743961352657
2025-10-01,TikTok Ads,Summer Deals - TikTok Ads,6119.06,92491.47,14262,211742,930,15.11530692622723,6.579634408602151,0.06520824568784182,0.0673555553456565
2025-10-01,Affiliate,Flash Promo - Affiliate,6322.33,92815.11,14066,213192,676,14.680522845216874,9.352559171597633,0.04805914972273567,0.06597808548163159
2025-11-01,Email,Flash Promo - Email,4872.07,67069.89,14198,256639,765,13.766199993021447,6.368718954248366,0.05388082828567404,0.05532284648864748
2025-11-01,Meta Ads,Winter Sale - Meta Ads,3493.06,72700.70999999999,10616,123564,701,20.81290043686624,4.982967189728958,0.06603240391861341,0.08591499142144961
2025-11-01,Email,New Customer Acquisition - Email,3265.06,6478.37,1276,67167,81,1.9841503678339756,40.309382716049384,0.06347962382445141,0.018997424330400345
2025-12-01,Meta Ads,Summer Deals - Meta Ads,3331.4399999999996,48103.35,10478,197326,776,14.439206469274549,4.293092783505154,0.07405993510211872,0.0530999462817875
2025-12-01,Meta Ads,New Customer Acquisition - Meta Ads,1390.06,102226.52,7071,106484,648,73.54108455750112,2.145154320987654,0.09164191769198134,0.06640434243642238
2025-12-01,Meta Ads,VIP Retargeting - Meta Ads,5485.589999999999,40816.57,13682,270194,420,7.440689151030246,13.060928571428569,0.030697266481508553,0.05063768995610561
2025-12-01,Affiliate,Summer Deals - Affiliate,2704.69,59238.770000000004,7743,88264,616,21.902240182793594,4.3907305194805195,0.07955572775410048,0.0877254599836853
2025-12-01,TikTok Ads,Flash Promo - TikTok Ads,758.01,0.0,929,44181,0,0.0,,0.0,0.021027138362644575
