store_id,store_name,city,region,store_type,order_month,revenue,gross_profit,gross_margin_pct,units_sold,total_orders,returned_orders,return_amount,return_rate_pct,revenue_target,profit_target,revenue_target_achievement_pct,profit_target_achievement_pct
STORE-012,Aswan Store 12,Aswan,Central,Outlet,2025-10-01,29581.280000000006,14780.439999999999,0.4996551873346926,118,61,3,2899.53,0.04918032786885246,385435.55,108823.51,0.07674766896826203,0.13582028368686141
STORE-009,Port Said Store 9,Port said,West,Online Fulfillment Center,2025-11-01,35543.44999999999,16172.949999999992,0.4550191385473272,150,77,5,3261.68,0.06493506493506493,462658.9,164573.51,0.0768243083619487,0.09827189077999242
STORE-016,Port Said Store 16,Port said,South,Online Fulfillment Center,2025-10-01,27916.839999999993,12813.120000000003,0.45897458308318584,123,72,3,2031.81,0.041666666666666664,382237.82,90854.7,0.0730352637528123,0.14102869746969615
STORE-024,Zagazig Store 24,Zagazig,West,Physical Store,2025-12-01,25283.07999999999,11522.54,0.4557411517900511,107,60,4,3533.5699999999997,0.06666666666666667,246224.3,69777.53,0.1026831226649847,0.16513252905340733
STORE-021,Mansoura Store 21,Mansoura,Central,Outlet,2025-10-01,33271.03,14627.05,0.43963321844860226,152,82,7,2760.83,0.08536585365853659,385435.55,108823.51,0.08632060535153023,0.13441075370570202
STORE-029,Tanta Store 29,Tanta,East,Physical Store,2025-01-01,25296.879999999997,11950.350000000008,0.4724041067515049,105,63,1,221.71,0.015873015873015872,248359.49,79092.46,0.10185590250648364,0.15109341649001695
STORE-009,Port Said Store 9,Port said,West,Online Fulfillment Center,2025-10-01,36448.45999999999,17130.19,0.46998391701597275,147,75,4,2321.46,0.05333333333333334,385831.83,86767.46,0.09446721904722062,0.1974264315216787
STORE-026,Aswan Store 26,Aswan,Central,Outlet,2025-06-01,31537.91000000001,14538.830000000002,0.46099535447973555,130,71,4,2026.6399999999999,0.056338028169014086,384507.22,116012.74,0.08202163277974342,0.1253209776788308
STORE-017,Mansoura Store 17,Mansoura,South,Online Fulfillment Center,2025-04-01,25127.150000000005,12736.789999999995,0.5068935394583147,101,59,4,1881.66,0.06779661016949153,251479.82,77653.35,0.0999171623393082,0.16402112722760825
STORE-015,Luxor Store 15,Luxor,East,Physical Store,2025-07-01,30998.72,13641.699999999999,0.44007300946619726,129,72,4,1098.11,0.05555555555555555,243656.36,74694.9,0.12722311044948714,0.1826322814542894
STORE-012,Aswan Store 12,Aswan,Central,Outlet,2025-05-01,24207.380000000005,11146.660000000002,0.46046536221598533,98,59,6,2338.72,0.1016949152542373,385188.25,106296.78,0.06284558264692655,0.10486357159643031
STORE-029,Tanta Store 29,Tanta,East,Physical Store,2025-04-01,25230.56,11363.42,0.4503831861044701,108,64,7,3473.6900000000005,0.109375,353620.38,120161.45,0.07134928139605529,0.09456793339294757
STORE-011,Aswan Store 11,Aswan,North,Physical Store,2025-10-01,37555.93999999999,18091.06,0.4817096842736464,156,95,4,1067.6999999999998,0.042105263157894736,422778.24,115368.66,0.08883129841308765,0.1568108704738358
STORE-016,Port Said Store 16,Port said,South,Online Fulfillment Center,2025-11-01,32336.74,15561.069999999994,0.48121950450169043,124,72,3,850.0,0.041666666666666664,463085.59,155662.27,0.06982886252193682,0.09996687058463169
STORE-013,Tanta Store 13,Tanta,East,Physical Store,2025-10-01,25457.319999999996,13084.469999999994,0.5139767265368074,102,66,3,1120.4399999999998,0.045454545454545456,470091.25,128731.62,0.05415399669744969,0.10164146151504964
STORE-011,Aswan Store 11,Aswan,North,Physical Store,2025-11-01,29112.680000000015,14829.209999999997,0.5093728918120898,109,68,10,4067.5899999999997,0.14705882352941177,426444.89,96992.37,0.06826832888066736,0.15289047994187582
STORE-016,Port Said Store 16,Port said,South,Online Fulfillment Center,2025-05-01,26230.540000000005,11554.36,0.44049264712049385,106,67,6,4088.8999999999996,0.08955223880597014,406447.71,127941.74,0.06453607525553534,0.09030954245268198
STORE-012,Aswan Store 12,Aswan,Central,Outlet,2025-11-01,24108.74,11352.32,0.47087985518944575,91,60,3,2550.62,0.05,251125.63,73390.13,0.09600270589664624,0.1546845604442995
STORE-002,Zagazig Store 2,Zagazig,South,Physical Store,2025-04-01,25702.570000000007,12462.64,0.4848791385452893,103,55,4,2054.0600000000004,0.07272727272727272,251479.82,77653.35,0.1022052982223385,0.16049069357600154
STORE-014,Port Said Store 14,Port said,North,Online Fulfillment Center,2025-04-01,31973.949999999993,15303.980000000003,0.4786390170748377,130,74,4,3119.06,0.05405405405405406,228463.4,72309.85,0.13995217614725158,0.2116444716729464
STORE-021,Mansoura Store 21,Mansoura,Central,Outlet,2025-11-01,24997.750000000004,11520.64,0.46086707803702326,109,66,2,1277.08,0.030303030303030304,251125.63,73390.13,0.09954280652277508,0.15697805685859936
STORE-010,Tanta Store 10,Tanta,East,Physical Store,2025-01-01,32587.049999999992,16200.099999999995,0.4971330635942805,131,74,4,1026.53,0.05405405405405406,248359.49,79092.46,0.13120920001889194,0.20482483412451696
STORE-008,Hurghada Store 8,Hurghada,West,Outlet,2025-07-01,35361.44,16808.640000000003,0.47533810840282525,138,81,9,5663.32,0.1111111111111111,463763.91,164745.52,0.07624879650510107,0.10202790339913342
STORE-013,Tanta Store 13,Tanta,East,Physical Store,2025-11-01,33869.240000000005,15526.230000000001,0.4584168407676109,134,72,3,1925.99,0.041666666666666664,350867.73,83431.8,0.09652993736414577,0.18609487030125205
STORE-011,Aswan Store 11,Aswan,North,Physical Store,2025-05-01,31568.789999999997,15754.150000000003,0.49904193350457854,136,76,5,2861.37,0.06578947368421052,515312.96,120427.42,0.06126139346466271,0.13081862917930157
STORE-007,Tanta Store 7,Tanta,West,Outlet,2025-09-01,26741.55,12788.77,0.4782359287326277,117,71,5,1733.0900000000001,0.07042253521126761,457732.01,129195.97,0.05842184819016699,0.09898737553501089
STORE-021,Mansoura Store 21,Mansoura,Central,Outlet,2025-05-01,26445.37,12079.869999999999,0.4567858192190164,120,71,6,2856.98,0.08450704225352113,385188.25,106296.78,0.06865570276351887,0.11364285917221574
STORE-007,Tanta Store 7,Tanta,West,Outlet,2025-12-01,23809.02,10426.160000000002,0.43790798613298665,120,67,10,3762.8799999999997,0.14925373134328357,246224.3,69777.53,0.09669646740796908,0.14942002102969254
STORE-024,Zagazig Store 24,Zagazig,West,Physical Store,2025-02-01,27405.759999999987,12182.580000000005,0.4445262601730443,119,68,6,2344.13,0.08823529411764706,453319.12,154104.01,0.0604557778193869,0.07905426990511152
STORE-027,Giza Store 27,Giza,North,Outlet,2025-07-01,25123.680000000004,10560.57,0.42034327773638247,114,58,4,3727.75,0.06896551724137931,273188.13,88370.7,0.09196475703391653,0.11950307058787585
STORE-018,Giza Store 18,Giza,North,Outlet,2025-07-01,26488.480000000003,12404.610000000002,0.46830206942791736,123,70,11,3339.0099999999998,0.15714285714285714,273188.13,88370.7,0.0969605817060939,0.14037016794027887
STORE-005,Mansoura Store 5,Mansoura,Central,Physical Store,2025-03-01,33292.35,15003.189999999999,0.45064977389700633,131,81,4,1748.78,0.04938271604938271,417098.22,129717.6,0.07981896925860772,0.11566040383109152
STORE-004,Alexandria Store 4,Alexandria,Central,Online Fulfillment Center,2025-03-01,25926.130000000005,12630.01,0.48715369397592306,112,67,6,2768.8599999999997,0.08955223880597014,417098.22,129717.6,0.062158332874208876,0.09736543075110855
STORE-014,Port Said Store 14,Port said,North,Online Fulfillment Center,2025-01-01,33853.76,17533.500000000004,0.5179188367850426,138,78,2,985.84,0.02564102564102564,511031.21,145788.28,0.06624597350913264,0.12026686918866183
STORE-009,Port Said Store 9,Port said,West,Online Fulfillment Center,2025-05-01,31251.339999999997,14530.67,0.46496150245077494,131,73,4,1136.8400000000001,0.0547945205479452,250477.56,62752.45,0.12476702503809123,0.23155542134211493
STORE-023,Tanta Store 23,Tanta,West,Outlet,2025-07-01,26048.699999999997,11465.439999999999,0.4401540192024938,117,63,10,3521.859999999999,0.15873015873015872,463763.91,164745.52,0.05616801876627269,0.06959485150187998
STORE-010,Tanta Store 10,Tanta,East,Physical Store,2025-04-01,21214.67,9881.789999999999,0.4657998451071829,103,58,4,1917.5300000000002,0.06896551724137931,353620.38,120161.45,0.059992780959061236,0.08223760615405357
STORE-024,Zagazig Store 24,Zagazig,West,Physical Store,2025-09-01,25545.389999999996,11025.919999999998,0.431620734700077,120,65,5,2114.61,0.07692307692307693,457732.01,129195.97,0.05580861605025175,0.08534260008264963
STORE-007,Tanta Store 7,Tanta,West,Outlet,2025-02-01,25941.469999999994,12041.800000000003,0.46419111947009967,121,69,4,1309.32,0.057971014492753624,453319.12,154104.01,0.05722562507400966,0.0781407310556033
STORE-026,Aswan Store 26,Aswan,Central,Outlet,2025-08-01,25557.219999999998,12517.85,0.4897970123511087,106,68,4,1283.6799999999998,0.058823529411764705,280700.06,78586.74,0.09104814583937032,0.1592870502071978
STORE-017,Mansoura Store 17,Mansoura,South,Online Fulfillment Center,2025-01-01,27197.130000000005,13124.159999999996,0.4825567991916792,111,67,2,321.9,0.029850746268656716,408827.65,145325.52,0.0665246834454568,0.09030870833973274
STORE-002,Zagazig Store 2,Zagazig,South,Physical Store,2025-01-01,30546.880000000005,14576.509999999998,0.47718490399019464,117,68,0,0.0,0.0,408827.65,145325.52,0.0747182339550664,0.10030247956449768
STORE-013,Tanta Store 13,Tanta,East,Physical Store,2025-05-01,30807.75999999999,12880.460000000005,0.41809141592897403,145,73,6,1270.27,0.0821917808219178,,,,
STORE-025,Alexandria Store 25,Alexandria,South,Online Fulfillment Center,2025-07-01,25173.770000000004,11160.550000000001,0.44334042934371765,105,65,5,1965.16,0.07692307692307693,298891.3,74700.45,0.08422382986724607,0.14940405312150062
STORE-002,Zagazig Store 2,Zagazig,South,Physical Store,2025-05-01,35087.16000000001,16846.239999999998,0.4801254932003614,130,66,7,4951.120000000001,0.10606060606060606,406447.71,127941.74,0.08632638131975208,0.13167118096095923
STORE-012,Aswan Store 12,Aswan,Central,Outlet,2025-04-01,30204.569999999996,14311.759999999997,0.47382763601666894,122,67,2,1033.26,0.029850746268656716,367793.63,107010.52,0.08212368985292104,0.1337416171793203
STORE-019,Luxor Store 19,Luxor,South,Physical Store,2025-08-01,28333.750000000004,12721.02,0.44897057396214757,116,72,10,2213.5099999999998,0.1388888888888889,495131.69,169081.18,0.05722467491426372,0.07523616762078429
STORE-028,Hurghada Store 28,Hurghada,East,Online Fulfillment Center,2025-06-01,27434.13,13281.18,0.48411157926276505,122,65,2,288.5,0.03076923076923077,408959.15,107820.37,0.0670828125498598,0.12317876482894652
STORE-010,Tanta Store 10,Tanta,East,Physical Store,2025-10-01,28738.170000000002,14182.789999999994,0.493517506507895,113,66,5,2881.2,0.07575757575757576,470091.25,128731.62,0.061133173612569904,0.11017332027671208
STORE-022,Hurghada Store 22,Hurghada,East,Physical Store,2025-06-01,27249.620000000003,11795.129999999997,0.432854843480386,124,71,3,1064.34,0.04225352112676056,408959.15,107820.37,0.06663164279366289,0.10939611874824764
STORE-014,Port Said Store 14,Port said,North,Online Fulfillment Center,2025-11-01,28361.08000000001,13656.260000000006,0.4815141031300642,114,71,2,871.09,0.028169014084507043,426444.89,96992.37,0.06650585026355928,0.14079726065050277
STORE-012,Aswan Store 12,Aswan,Central,Outlet,2025-01-01,30242.560000000005,15386.44,0.508767776272908,128,72,1,511.06,0.013888888888888888,366822.88,94642.94,0.08244458469984207,0.1625735633318238
STORE-024,Zagazig Store 24,Zagazig,West,Physical Store,2025-03-01,29126.950000000008,13981.599999999995,0.48002279675695503,112,63,6,3907.2699999999995,0.09523809523809523,351996.38,94382.48,0.08274786803205195,0.14813766283742485
STORE-016,Port Said Store 16,Port said,South,Online Fulfillment Center,2025-01-01,30993.670000000002,14755.080000000005,0.4760675324993782,130,71,1,611.06,0.014084507042253521,408827.65,145325.52,0.07581109056591451,0.10153123828492068
STORE-001,Cairo Store 1,Cairo,North,Outlet,2025-06-01,29962.00999999999,15114.419999999996,0.5044528054025749,102,57,4,1110.43,0.07017543859649122,344412.14,98020.0,0.08699463961984612,0.1541973066721077
STORE-004,Alexandria Store 4,Alexandria,Central,Online Fulfillment Center,2025-09-01,20921.469999999994,9310.16,0.4450050593959221,119,62,10,5664.080000000001,0.16129032258064516,505440.39,111368.07,0.04139255669694302,0.08359810850632501
STORE-017,Mansoura Store 17,Mansoura,South,Online Fulfillment Center,2025-11-01,21715.82,9957.560000000001,0.4585394426735901,108,66,7,2501.4799999999996,0.10606060606060606,463085.59,155662.27,0.046893750246039825,0.06396900160841804
STORE-028,Hurghada Store 28,Hurghada,East,Online Fulfillment Center,2025-08-01,31647.240000000013,15492.59,0.4895400041204223,120,73,6,1636.0299999999997,0.0821917808219178,433460.73,113072.83,0.0730106277447556,0.1370142588630708
STORE-006,Mansoura Store 6,Mansoura,East,Outlet,2025-06-01,30032.939999999995,13273.979999999996,0.44198070518570604,139,78,6,3192.56,0.07692307692307693,408959.15,107820.37,0.07343750592204623,0.12311198709483186
STORE-017,Mansoura Store 17,Mansoura,South,Online Fulfillment Center,2025-10-01,30966.860000000004,14500.39,0.46825509593158615,130,81,4,906.62,0.04938271604938271,382237.82,90854.7,0.08101464161761911,0.15959977854750498
STORE-021,Mansoura Store 21,Mansoura,Central,Outlet,2025-01-01,44110.94,21940.950000000008,0.497403818644536,162,83,1,354.21,0.012048192771084338,366822.88,94642.94,0.1202513321960724,0.2318287027009094
STORE-014,Port Said Store 14,Port said,North,Online Fulfillment Center,2025-05-01,23014.97000000001,10466.94,0.45478833993700607,109,61,5,2289.14,0.08196721311475409,515312.96,120427.42,0.04466212144169634,0.0869149235282131
STORE-030,Mansoura Store 30,Mansoura,Central,Online Fulfillment Center,2025-06-01,22387.47,10652.789999999997,0.4758371535506244,106,64,2,402.57,0.03125,384507.22,116012.74,0.058223796161746985,0.09182431170921397
STORE-016,Port Said Store 16,Port said,South,Online Fulfillment Center,2025-04-01,28979.59,12938.149999999998,0.4464573170289848,120,74,6,2989.2000000000003,0.08108108108108109,251479.82,77653.35,0.11523624440322885,0.16661418985787474
STORE-005,Mansoura Store 5,Mansoura,Central,Physical Store,2025-12-01,34221.259999999995,16447.61,0.4806254942103243,141,82,3,1950.77,0.036585365853658534,261293.55,89638.45,0.13096863661579092,0.18348833564168057
STORE-017,Mansoura Store 17,Mansoura,South,Online Fulfillment Center,2025-05-01,31958.139999999992,14029.810000000003,0.43900583701053963,124,69,5,1943.63,0.07246376811594203,406447.71,127941.74,0.07862792485655778,0.10965780205896843
STORE-003,Hurghada Store 3,Hurghada,South,Physical Store,2025-08-01,39005.799999999996,19247.849999999995,0.49346122884288995,152,81,4,1136.92,0.04938271604938271,495131.69,169081.18,0.07877863765900339,0.11383792093241836
STORE-013,Tanta Store 13,Tanta,East,Physical Store,2025-04-01,22051.36,9819.279999999997,0.445291356179392,102,61,5,2495.0899999999997,0.08196721311475409,353620.38,120161.45,0.0623588493400748,0.08171738939568386
STORE-011,Aswan Store 11,Aswan,North,Physical Store,2025-01-01,28273.8,13438.630000000001,0.4753032843126853,133,72,3,1549.28,0.041666666666666664,511031.21,145788.28,0.05532695351424818,0.0921790832568983
STORE-013,Tanta Store 13,Tanta,East,Physical Store,2025-01-01,30304.98,14543.890000000001,0.4799174921085578,139,73,1,584.5,0.0136986301369863,248359.49,79092.46,0.1220206242169365,0.18388465853761535
STORE-002,Zagazig Store 2,Zagazig,South,Physical Store,2025-11-01,25497.98,11571.679999999998,0.4538273227918446,110,65,3,1225.7,0.046153846153846156,463085.59,155662.27,0.05506105253674596,0.07433837371124036
STORE-014,Port Said Store 14,Port said,North,Online Fulfillment Center,2025-10-01,21805.890000000003,10403.840000000004,0.47711145933506965,104,55,3,2028.4099999999999,0.05454545454545454,422778.24,115368.66,0.05157760721081578,0.09017908329697166
STORE-004,Alexandria Store 4,Alexandria,Central,Online Fulfillment Center,2025-02-01,33920.27,14963.03,0.4411235523773839,136,75,1,535.02,0.013333333333333334,251789.77,81218.81,0.13471663284810975,0.18423109129523077
STORE-022,Hurghada Store 22,Hurghada,East,Physical Store,2025-08-01,24843.560000000005,11954.390000000003,0.48118667372952995,122,67,7,2610.7799999999997,0.1044776119402985,433460.73,113072.83,0.0573144423025357,0.10572292212019459
STORE-009,Port Said Store 9,Port said,West,Online Fulfillment Center,2025-01-01,23439.520000000004,10850.75,0.4629254353331467,99,65,1,682.2,0.015384615384615385,405705.83,109443.69,0.057774668902342376,0.09914459207287327
STORE-005,Mansoura Store 5,Mansoura,Central,Physical Store,2025-02-01,21104.940000000002,9332.210000000001,0.4421813092100712,97,63,4,2893.5600000000004,0.06349206349206349,251789.77,81218.81,0.08381968814698072,0.11490207748673
STORE-003,Hurghada Store 3,Hurghada,South,Physical Store,2025-06-01,33011.0,15203.500000000002,0.46055860167822854,124,71,7,2773.65,0.09859154929577464,510837.65,147806.23,0.06462131364044917,0.10286102284051221
STORE-029,Tanta Store 29,Tanta,East,Physical Store,2025-10-01,26015.559999999998,11780.310000000001,0.45281785208544434,109,61,3,706.5699999999999,0.04918032786885246,470091.25,128731.62,0.055341510823696455,0.09151061720500372
STORE-007,Tanta Store 7,Tanta,West,Outlet,2025-03-01,35590.200000000004,15870.710000000003,0.44592921646970235,156,89,10,3907.24,0.11235955056179775,351996.38,94382.48,0.10110956254720575,0.168153136048131
STORE-021,Mansoura Store 21,Mansoura,Central,Outlet,2025-04-01,33984.85999999999,16564.06,0.48739526954061324,140,69,2,297.71,0.028985507246376812,367793.63,107010.52,0.0924019809695997,0.15478908055021134
STORE-019,Luxor Store 19,Luxor,South,Physical Store,2025-06-01,22064.879999999994,10485.800000000001,0.47522578867412846,104,62,3,332.45,0.04838709677419355,510837.65,147806.23,0.04319352733691417,0.0709428824481891
STORE-004,Alexandria Store 4,Alexandria,Central,Online Fulfillment Center,2025-12-01,28240.710000000006,14181.36,0.5021601794005887,125,75,4,2966.6000000000004,0.05333333333333334,261293.55,89638.45,0.10808039463660701,0.15820621619405512
STORE-005,Mansoura Store 5,Mansoura,Central,Physical Store,2025-09-01,30348.050000000003,14401.129999999996,0.4745323010868901,148,67,7,3842.83,0.1044776119402985,505440.39,111368.07,0.06004278763713363,0.12931112122172894
STORE-010,Tanta Store 10,Tanta,East,Physical Store,2025-11-01,23719.910000000003,10564.79,0.44539755842243917,105,56,5,2355.3199999999997,0.08928571428571429,350867.73,83431.8,0.06760356673439305,0.12662785652473038
STORE-030,Mansoura Store 30,Mansoura,Central,Online Fulfillment Center,2025-08-01,31256.33000000001,15280.019999999997,0.4888616161910241,133,70,5,2234.98,0.07142857142857142,280700.06,78586.74,0.111351347769573,0.19443509172158047
STORE-020,Tanta Store 20,Tanta,West,Physical Store,2025-07-01,25084.729999999992,10897.020000000002,0.4344085027026404,123,75,5,2358.24,0.06666666666666667,463763.91,164745.52,0.054089439603008334,0.06614456041050465
STORE-002,Zagazig Store 2,Zagazig,South,Physical Store,2025-10-01,22841.299999999996,11158.1,0.4885054703541393,93,52,6,2710.4800000000005,0.11538461538461539,382237.82,90854.7,0.059756776553403314,0.12281257876587563
STORE-009,Port Said Store 9,Port said,West,Online Fulfillment Center,2025-04-01,22787.84,10601.540000000006,0.46522794613267454,96,64,5,2153.73,0.078125,325818.45,73513.95,0.06994029957480923,0.14421126874559193
STORE-001,Cairo Store 1,Cairo,North,Outlet,2025-08-01,30787.439999999995,13735.27,0.4461322539321231,136,78,7,3736.39,0.08974358974358974,250409.82,82311.5,0.12294821345265132,0.16686939249072122
STORE-029,Tanta Store 29,Tanta,East,Physical Store,2025-11-01,26396.510000000002,12614.84,0.4778980251555982,115,61,3,2308.78,0.04918032786885246,350867.73,83431.8,0.07523208247164823,0.15119942276206433
STORE-006,Mansoura Store 6,Mansoura,East,Outlet,2025-08-01,28030.470000000005,13280.150000000003,0.4737755021589007,122,68,4,1032.66,0.058823529411764705,433460.73,113072.83,0.06466668849101972,0.11744775469049464
STORE-011,Aswan Store 11,Aswan,North,Physical Store,2025-04-01,26348.030000000002,13131.180000000004,0.4983742617569512,113,71,0,0.0,0.0,228463.4,72309.85,0.11532713773847365,0.18159600662980221
STORE-010,Tanta Store 10,Tanta,East,Physical Store,2025-05-01,28902.549999999992,13837.850000000002,0.4787760941508623,106,66,6,2957.43,0.09090909090909091,,,,
STORE-029,Tanta Store 29,Tanta,East,Physical Store,2025-05-01,29155.42,13833.269999999997,0.47446649713843936,116,63,4,794.2700000000001,0.06349206349206349,,,,
STORE-020,Tanta Store 20,Tanta,West,Physical Store,2025-11-01,26643.219999999994,12316.31,0.46226807420424415,111,62,9,5885.4400000000005,0.14516129032258066,462658.9,164573.51,0.057587177075811125,0.07483774272056298
STORE-024,Zagazig Store 24,Zagazig,West,Physical Store,2025-08-01,26493.389999999992,11624.089999999997,0.43875434589533463,127,73,2,384.83,0.0273972602739726,509498.98,164916.07,0.05199890684766433,0.07048488361382851
STORE-025,Alexandria Store 25,Alexandria,South,Online Fulfillment Center,2025-05-01,29122.05,14061.030000000002,0.4828310506986975,119,69,8,2845.4199999999996,0.11594202898550725,406447.71,127941.74,0.07165017610752437,0.10990181937497491
STORE-023,Tanta Store 23,Tanta,West,Outlet,2025-04-01,25919.590000000004,12005.289999999999,0.4631743789157158,122,75,7,2134.63,0.09333333333333334,325818.45,73513.95,0.07955224757836765,0.16330628404540906
STORE-026,Aswan Store 26,Aswan,Central,Outlet,2025-12-01,27732.030000000002,13292.169999999996,0.4793075011097275,114,67,3,232.02999999999997,0.04477611940298507,261293.55,89638.45,0.10613361868289517,0.14828647751048793
STORE-023,Tanta Store 23,Tanta,West,Outlet,2025-01-01,31692.799999999996,16148.329999999998,0.509526769487076,120,63,1,911.89,0.015873015873015872,405705.83,109443.69,0.07811768443159911,0.14754921000927507
STORE-010,Tanta Store 10,Tanta,East,Physical Store,2025-07-01,28356.949999999997,14192.38,0.500490355979751,115,65,3,1235.62,0.046153846153846156,243656.36,74694.9,0.11638091449777875,0.19000467234041415
STORE-002,Zagazig Store 2,Zagazig,South,Physical Store,2025-07-01,39431.750000000015,18712.219999999998,0.47454703379890545,163,81,6,3249.01,0.07407407407407407,298891.3,74700.45,0.13192672386248785,0.2504967506889182
STORE-008,Hurghada Store 8,Hurghada,West,Outlet,2025-01-01,27991.390000000003,13910.33,0.4969503122210079,113,68,5,2135.0499999999997,0.07352941176470588,405705.83,109443.69,0.06899430062417393,0.12710033808253357
STORE-026,Aswan Store 26,Aswan,Central,Outlet,2025-02-01,27139.89,12223.999999999998,0.45040713134798993,122,73,5,1368.8100000000002,0.0684931506849315,251789.77,81218.81,0.10778789781649986,0.15050700693595484
STORE-008,Hurghada Store 8,Hurghada,West,Outlet,2025-04-01,30206.17999999999,15230.279999999997,0.504210727738496,120,75,8,2250.98,0.10666666666666667,325818.45,73513.95,0.09270862346806938,0.20717537283740023
STORE-030,Mansoura Store 30,Mansoura,Central,Online Fulfillment Center,2025-03-01,32961.149999999994,15289.239999999998,0.46385638850586225,129,73,2,670.63,0.0273972602739726,417098.22,129717.6,0.07902491168626899,0.11786557876494784
STORE-027,Giza Store 27,Giza,North,Outlet,2025-04-01,32947.729999999996,15037.650000000001,0.4564092882878427,132,73,5,2534.41,0.0684931506849315,228463.4,72309.85,0.14421447811772037,0.20796129434648253
STORE-003,Hurghada Store 3,Hurghada,South,Physical Store,2025-03-01,25544.879999999997,11511.54,0.45063981510189133,112,69,7,1865.99,0.10144927536231885,260261.58,72247.08,0.09815079121551479,0.1593357129450768
STORE-027,Giza Store 27,Giza,North,Outlet,2025-01-01,32306.89999999999,15629.88,0.48379386446858114,132,76,2,1247.3200000000002,0.02631578947368421,511031.21,145788.28,0.0632190350957234,0.10720944097838317
STORE-019,Luxor Store 19,Luxor,South,Physical Store,2025-03-01,30544.659999999996,14910.989999999994,0.4881701089486672,122,68,2,545.9499999999999,0.029411764705882353,260261.58,72247.08,0.11736138695538542,0.20638882567987515
STORE-017,Mansoura Store 17,Mansoura,South,Online Fulfillment Center,2025-07-01,32645.699999999997,15862.849999999999,0.48590932343310145,133,75,4,1570.6499999999999,0.05333333333333334,298891.3,74700.45,0.10922265050873009,0.21235280376490367
STORE-006,Mansoura Store 6,Mansoura,East,Outlet,2025-03-01,37393.62000000002,18030.749999999996,0.4821878705511793,146,77,4,1976.78,0.05194805194805195,256028.95,73083.91,0.14605231166241167,0.24671299058848925
STORE-022,Hurghada Store 22,Hurghada,East,Physical Store,2025-03-01,29488.259999999984,12260.779999999997,0.41578512940404094,127,77,6,2005.58,0.07792207792207792,256028.95,73083.91,0.11517549089663487,0.1677630548228741
STORE-020,Tanta Store 20,Tanta,West,Physical Store,2025-10-01,34023.939999999995,16124.909999999996,0.4739283575035695,133,68,6,2624.07,0.08823529411764706,385831.83,86767.46,0.08818334143142102,0.1858405213198588
STORE-007,Tanta Store 7,Tanta,West,Outlet,2025-06-01,26339.959999999992,12356.520000000002,0.4691168855229851,115,73,3,2088.8,0.0410958904109589,415803.36,96298.66,0.06334715525146307,0.1283145580634248
STORE-025,Alexandria Store 25,Alexandria,South,Online Fulfillment Center,2025-10-01,27435.129999999997,13047.61,0.4755803963750127,124,70,3,1482.1399999999999,0.04285714285714286,382237.82,90854.7,0.07177502739001598,0.14360963164261178
STORE-018,Giza Store 18,Giza,North,Outlet,2025-04-01,27973.660000000003,14095.360000000002,0.5038797211376702,107,63,4,1331.44,0.06349206349206349,228463.4,72309.85,0.12244263194892488,0.1949300129926974
STORE-025,Alexandria Store 25,Alexandria,South,Online Fulfillment Center,2025-11-01,35548.11,18082.96,0.5086897728177391,133,71,5,2130.35,0.07042253521126761,463085.59,155662.27,0.07676358489151001,0.11616790632694744
STORE-014,Port Said Store 14,Port said,North,Online Fulfillment Center,2025-07-01,27665.999999999996,12351.069999999998,0.44643497433673096,120,64,5,1571.4799999999998,0.078125,273188.13,88370.7,0.1012708714686835,0.1397643110216395
STORE-020,Tanta Store 20,Tanta,West,Physical Store,2025-05-01,38627.91,17390.690000000006,0.4502104825241646,145,72,4,1524.3400000000001,0.05555555555555555,250477.56,62752.45,0.15421704842541584,0.2771316498399665
STORE-028,Hurghada Store 28,Hurghada,East,Online Fulfillment Center,2025-03-01,30646.779999999995,14462.570000000002,0.47191156787107824,115,58,7,3474.4500000000003,0.1206896551724138,256028.95,73083.91,0.11970044793762578,0.19788993227100193
STORE-007,Tanta Store 7,Tanta,West,Outlet,2025-08-01,26223.459999999992,12626.809999999998,0.48150816101307764,109,71,8,2467.24,0.11267605633802817,509498.98,164916.07,0.051469111871431016,0.07656506730969273
STORE-026,Aswan Store 26,Aswan,Central,Outlet,2025-09-01,29387.539999999997,13910.899999999998,0.47336047862461433,126,67,1,67.86,0.014925373134328358,505440.39,111368.07,0.05814244484893658,0.12490923116473147
STORE-001,Cairo Store 1,Cairo,North,Outlet,2025-03-01,28340.950000000004,13054.720000000003,0.46063099507955807,123,69,14,4482.57,0.2028985507246377,491036.87,176091.63,0.05771654173341404,0.07413594842639598
STORE-024,Zagazig Store 24,Zagazig,West,Physical Store,2025-06-01,22437.34,10382.869999999997,0.46274959509460556,104,65,8,2147.94,0.12307692307692308,415803.36,96298.66,0.05396142060997295,0.10781946498528637
STORE-015,Luxor Store 15,Luxor,East,Physical Store,2025-04-01,30749.530000000006,15308.649999999998,0.49784988583565326,112,59,5,1978.69,0.0847457627118644,353620.38,120161.45,0.08695632870481053,0.12740067634004082
STORE-029,Tanta Store 29,Tanta,East,Physical Store,2025-07-01,33892.69,14956.51,0.44129014250565535,146,88,5,1378.6399999999999,0.056818181818181816,243656.36,74694.9,0.13910037070241058,0.20023468804429756
STORE-015,Luxor Store 15,Luxor,East,Physical Store,2025-01-01,23077.589999999997,9954.589999999997,0.43135310056206033,107,60,0,0.0,0.0,248359.49,79092.46,0.09292010544875896,0.12586016416735546
STORE-018,Giza Store 18,Giza,North,Outlet,2025-01-01,27784.659999999996,13371.2,0.4812439669947375,123,71,0,0.0,0.0,511031.21,145788.28,0.05436979083919355,0.09171656322442381
STORE-019,Luxor Store 19,Luxor,South,Physical Store,2025-10-01,22942.539999999997,10259.2,0.4471693195260857,96,66,8,3232.4200000000005,0.12121212121212122,382237.82,90854.7,0.06002163783793032,0.11291875929368542
STORE-002,Zagazig Store 2,Zagazig,South,Physical Store,2025-08-01,34172.509999999995,16522.2,0.48349389611708365,133,78,6,1680.62,0.07692307692307693,495131.69,169081.18,0.06901701242350292,0.09771755792099393
STORE-002,Zagazig Store 2,Zagazig,South,Physical Store,2025-06-01,24539.069999999992,11556.920000000002,0.4709599834060543,103,65,6,3302.41,0.09230769230769231,510837.65,147806.23,0.04803692523446537,0.07818966764797398
STORE-018,Giza Store 18,Giza,North,Outlet,2025-09-01,24978.32,11204.1,0.448552985148721,106,62,2,1189.3600000000001,0.03225806451612903,231481.91,63746.41,0.10790614264414873,0.17576048596305266
STORE-027,Giza Store 27,Giza,North,Outlet,2025-12-01,35280.780000000006,16104.949999999997,0.45647942023957505,148,76,6,2859.02,0.07894736842105263,307667.23,109154.38,0.1146718810449849,0.14754286543517536
STORE-010,Tanta Store 10,Tanta,East,Physical Store,2025-06-01,27037.229999999996,12099.88,0.4475266142278629,122,66,5,3053.01,0.07575757575757576,408959.15,107820.37,0.06611229996932455,0.1122225790915019
STORE-018,Giza Store 18,Giza,North,Outlet,2025-02-01,30690.079999999994,14903.740000000003,0.4856207608451984,122,77,2,1131.09,0.025974025974025976,380746.51,98119.09,0.08060501985953855,0.15189439690074585
STORE-014,Port Said Store 14,Port said,North,Online Fulfillment Center,2025-08-01,23787.37999999999,9956.669999999998,0.41856942630924476,114,69,5,2426.28,0.07246376811594203,250409.82,82311.5,0.09499379856588687,0.12096329188509501
STORE-023,Tanta Store 23,Tanta,West,Outlet,2025-09-01,34315.59,16995.769999999993,0.4952783851304901,141,70,6,2815.7499999999995,0.08571428571428572,457732.01,129195.97,0.07496873552714829,0.13155031074111673
STORE-003,Hurghada Store 3,Hurghada,South,Physical Store,2025-05-01,40057.41999999999,19587.009999999995,0.48897332878652694,142,86,5,3856.28,0.05813953488372093,406447.71,127941.74,0.09855491620311993,0.15309319695042442
STORE-030,Mansoura Store 30,Mansoura,Central,Online Fulfillment Center,2025-05-01,29166.52,14044.220000000001,0.48151853563606495,124,76,1,606.09,0.013157894736842105,385188.25,106296.78,0.07572017059191188,0.13212272281436938
STORE-008,Hurghada Store 8,Hurghada,West,Outlet,2025-12-01,35065.25999999998,16680.139999999992,0.475688473434961,148,85,3,1031.27,0.03529411764705882,246224.3,69777.53,0.1424118578060735,0.23904744120349333
STORE-026,Aswan Store 26,Aswan,Central,Outlet,2025-04-01,25924.59999999999,12718.440000000004,0.49059349035279265,122,68,2,645.75,0.029411764705882353,367793.63,107010.52,0.07048681076939801,0.11885223994799766
STORE-022,Hurghada Store 22,Hurghada,East,Physical Store,2025-10-01,24565.970000000005,11831.87,0.4816365891515783,96,56,5,3301.73,0.08928571428571429,470091.25,128731.62,0.05225787546566758,0.091911140402024
STORE-015,Luxor Store 15,Luxor,East,Physical Store,2025-09-01,32188.279999999995,15074.01,0.46830740878356975,137,74,6,1847.1799999999998,0.08108108108108109,273725.31,76129.11,0.11759336394577467,0.19800586135842124
STORE-003,Hurghada Store 3,Hurghada,South,Physical Store,2025-11-01,29452.17,13265.51,0.4504085777041217,126,68,8,2324.2400000000002,0.11764705882352941,463085.59,155662.27,0.06359984123021405,0.0852198159515469
STORE-027,Giza Store 27,Giza,North,Outlet,2025-02-01,27650.320000000007,13558.009999999998,0.49033826733289143,114,63,2,251.59,0.031746031746031744,380746.51,98119.09,0.07262133538663297,0.13817912497965482
STORE-025,Alexandria Store 25,Alexandria,South,Online Fulfillment Center,2025-03-01,27125.950000000004,12461.710000000005,0.4594017905363684,121,67,7,1609.22,0.1044776119402985,260261.58,72247.08,0.10422571783357346,0.1724873863414273
STORE-003,Hurghada Store 3,Hurghada,South,Physical Store,2025-10-01,27109.58000000001,13007.129999999997,0.4797982853293925,117,76,8,4151.3,0.10526315789473684,382237.82,90854.7,0.07092333249493733,0.1431640850720986
STORE-026,Aswan Store 26,Aswan,Central,Outlet,2025-01-01,31334.66,15128.260000000004,0.4827963667070268,128,74,1,425.14,0.013513513513513514,366822.88,94642.94,0.08542177085573288,0.15984562609741418
STORE-023,Tanta Store 23,Tanta,West,Outlet,2025-02-01,22922.18999999999,10713.880000000001,0.4674021112293374,110,67,2,1003.61,0.029850746268656716,453319.12,154104.01,0.050565239780753106,0.06952369377020105
STORE-017,Mansoura Store 17,Mansoura,South,Online Fulfillment Center,2025-08-01,24795.970000000005,11550.070000000002,0.46580432223462115,117,71,5,1744.2700000000002,0.07042253521126761,495131.69,169081.18,0.05007954550434856,0.06831079603300617
STORE-008,Hurghada Store 8,Hurghada,West,Outlet,2025-09-01,28100.989999999987,13662.320000000003,0.4861864297307678,118,82,8,2564.4500000000003,0.0975609756097561,457732.01,129195.97,0.0613917956054679,0.10574880934753618
STORE-020,Tanta Store 20,Tanta,West,Physical Store,2025-03-01,34354.05000000001,15606.29,0.4542780254438704,152,83,3,1092.78,0.03614457831325301,351996.38,94382.48,0.0975977366585418,0.1653515567719772
STORE-029,Tanta Store 29,Tanta,East,Physical Store,2025-08-01,33249.45000000001,15225.300000000001,0.457911333871688,136,70,4,1046.75,0.05714285714285714,433460.73,113072.83,0.07670694874712183,0.13465038418159342
STORE-008,Hurghada Store 8,Hurghada,West,Outlet,2025-02-01,27185.91,11834.589999999997,0.435320723124589,124,76,2,910.1600000000001,0.02631578947368421,453319.12,154104.01,0.05997079937859228,0.07679611971161553
STORE-019,Luxor Store 19,Luxor,South,Physical Store,2025-11-01,27962.890000000003,13171.070000000002,0.47101962636909134,122,69,7,1844.3100000000002,0.10144927536231885,463085.59,155662.27,0.06038384826442127,0.0846131178737147
STORE-030,Mansoura Store 30,Mansoura,Central,Online Fulfillment Center,2025-10-01,31605.049999999992,15813.060000000003,0.5003333328059917,132,70,1,256.66,0.014285714285714285,385435.55,108823.51,0.08199827441967923,0.14530922592002413
STORE-022,Hurghada Store 22,Hurghada,East,Physical Store,2025-11-01,30877.290000000005,14050.390000000001,0.45503961001758897,163,80,1,759.62,0.0125,350867.73,83431.8,0.08800264988746616,0.16840569183452833
STORE-007,Tanta Store 7,Tanta,West,Outlet,2025-07-01,31105.319999999996,15463.019999999999,0.4971181778551065,119,71,2,1060.73,0.028169014084507043,463763.91,164745.52,0.06707145452521306,0.09386003334111907
STORE-017,Mansoura Store 17,Mansoura,South,Online Fulfillment Center,2025-06-01,28247.850000000013,13573.900000000007,0.4805286066019184,131,80,6,4148.59,0.075,510837.65,147806.23,0.05529711837019063,0.09183577715228922
STORE-006,Mansoura Store 6,Mansoura,East,Outlet,2025-11-01,32795.48999999999,15675.080000000004,0.47796450060663853,129,72,2,1572.91,0.027777777777777776,350867.73,83431.8,0.09346966733019305,0.18787896221824296
STORE-019,Luxor Store 19,Luxor,South,Physical Store,2025-05-01,28924.919999999995,13341.979999999998,0.46126246848738045,119,66,5,1771.03,0.07575757575757576,406447.71,127941.74,0.07116516906934964,0.10428168320987347
STORE-010,Tanta Store 10,Tanta,East,Physical Store,2025-08-01,37617.68000000001,18114.92,0.4815533546991732,138,75,4,1566.22,0.05333333333333334,433460.73,113072.83,0.08678451678886807,0.16020577180212078
STORE-006,Mansoura Store 6,Mansoura,East,Outlet,2025-10-01,32446.94,15818.84,0.4875294866018183,128,66,3,439.39,0.045454545454545456,470091.25,128731.62,0.06902264188069869,0.12288231904484695
STORE-018,Giza Store 18,Giza,North,Outlet,2025-12-01,25548.23999999999,11697.78,0.4578702877380205,120,62,7,3160.7700000000004,0.11290322580645161,307667.23,109154.38,0.08303854784924605,0.10716729827973921
STORE-015,Luxor Store 15,Luxor,East,Physical Store,2025-12-01,23678.720000000005,10481.859999999997,0.4426700429752957,105,58,4,1445.27,0.06896551724137931,377646.34,127319.13,0.06270077978248115,0.08232745542637619
STORE-030,Mansoura Store 30,Mansoura,Central,Online Fulfillment Center,2025-11-01,30095.530000000006,14406.749999999996,0.47870065753950813,114,71,6,1561.98,0.08450704225352113,251125.63,73390.13,0.11984252662701136,0.1963036446454039
STORE-014,Port Said Store 14,Port said,North,Online Fulfillment Center,2025-06-01,32169.43999999999,14352.249999999993,0.4461454722245708,138,74,4,2980.27,0.05405405405405406,344412.14,98020.0,0.09340390846849937,0.14642164864313398
STORE-028,Hurghada Store 28,Hurghada,East,Online Fulfillment Center,2025-11-01,33073.0,15279.109999999993,0.46198137453511906,147,86,4,2247.91,0.046511627906976744,350867.73,83431.8,0.0942605921610403,0.1831329301297586
STORE-001,Cairo Store 1,Cairo,North,Outlet,2025-05-01,34504.75,16513.22,0.47857816677413983,132,81,6,3138.38,0.07407407407407407,515312.96,120427.42,0.06695882440061278,0.13712176180474514
STORE-023,Tanta Store 23,Tanta,West,Outlet,2025-12-01,35524.08,15711.959999999992,0.44229041258774304,149,75,3,2624.27,0.04,246224.3,69777.53,0.14427528070949944,0.22517220085033093
STORE-029,Tanta Store 29,Tanta,East,Physical Store,2025-06-01,38703.229999999996,18477.089999999997,0.47740434067130827,135,78,2,151.79000000000002,0.02564102564102564,408959.15,107820.37,0.09463837647354263,0.17136919489332114
STORE-001,Cairo Store 1,Cairo,North,Outlet,2025-10-01,31377.35000000001,16311.729999999994,0.519856839408044,108,72,4,1488.1399999999999,0.05555555555555555,422778.24,115368.66,0.07421704106625736,0.14138787778240636
STORE-001,Cairo Store 1,Cairo,North,Outlet,2025-11-01,27191.120000000006,12555.530000000002,0.46175111580545414,104,62,2,946.94,0.03225806451612903,426444.89,96992.37,0.06376233046197366,0.12944863601126566
STORE-015,Luxor Store 15,Luxor,East,Physical Store,2025-02-01,27275.650000000005,13345.909999999998,0.489297596940861,109,66,3,2265.54,0.045454545454545456,454213.36,141737.76,0.0600503032319437,0.09415917113407181
STORE-024,Zagazig Store 24,Zagazig,West,Physical Store,2025-07-01,34389.34,15662.430000000002,0.45544433245883764,143,75,6,2654.19,0.08,463763.91,164745.52,0.07415268687035177,0.0950704456181874
STORE-028,Hurghada Store 28,Hurghada,East,Online Fulfillment Center,2025-10-01,31230.360000000004,14940.719999999996,0.4784037071618769,145,77,3,1635.57,0.03896103896103896,470091.25,128731.62,0.06643467624636708,0.11606099573671175
STORE-027,Giza Store 27,Giza,North,Outlet,2025-09-01,25431.269999999997,11048.490000000002,0.4344450749018827,115,64,4,1130.62,0.0625,231481.91,63746.41,0.10986288302183093,0.1733194073203495
STORE-012,Aswan Store 12,Aswan,Central,Outlet,2025-07-01,20522.25,9624.93,0.4689997441800972,97,56,5,2498.63,0.08928571428571429,518016.88,122720.54,0.03961695225066797,0.07842965814850554
STORE-025,Alexandria Store 25,Alexandria,South,Online Fulfillment Center,2025-01-01,32053.610000000008,15054.379999999994,0.46966254347014236,130,77,3,1077.69,0.03896103896103896,408827.65,145325.52,0.07840372342721928,0.10359075267716224
STORE-008,Hurghada Store 8,Hurghada,West,Outlet,2025-11-01,30798.120000000006,14638.81,0.4753150516979607,120,73,3,954.51,0.0410958904109589,462658.9,164573.51,0.06656765924096565,0.08894997742953893
STORE-015,Luxor Store 15,Luxor,East,Physical Store,2025-10-01,32912.75,14898.529999999999,0.45266743131461207,139,66,2,512.36,0.030303030303030304,470091.25,128731.62,0.07001353460631314,0.1157332596296077
STORE-019,Luxor Store 19,Luxor,South,Physical Store,2025-09-01,25665.639999999996,11570.580000000002,0.45081985097585736,114,73,3,671.02,0.0410958904109589,486347.9,171586.46,0.052772182217708755,0.06743294313548984
STORE-003,Hurghada Store 3,Hurghada,South,Physical Store,2025-09-01,40271.57,19741.140000000007,0.49020040688753896,153,87,3,1098.8799999999999,0.034482758620689655,486347.9,171586.46,0.08280403801476267,0.11505068640031392
STORE-006,Mansoura Store 6,Mansoura,East,Outlet,2025-09-01,25963.280000000002,12694.830000000002,0.4889532447364124,104,59,3,941.03,0.05084745762711865,273725.31,76129.11,0.09485158679699733,0.16675395259448064
STORE-019,Luxor Store 19,Luxor,South,Physical Store,2025-12-01,30188.480000000003,15026.499999999996,0.4977560976902446,108,61,4,1895.81,0.06557377049180328,499946.74,150243.54,0.06038339203891999,0.10001428347601497
STORE-027,Giza Store 27,Giza,North,Outlet,2025-11-01,19633.870000000003,8934.28,0.45504426789013064,98,59,5,1976.56,0.0847457627118644,426444.89,96992.37,0.04604081432421432,0.09211322498872851
STORE-001,Cairo Store 1,Cairo,North,Outlet,2025-02-01,37420.36,17374.149999999998,0.46429670906426335,164,88,5,1959.4099999999999,0.056818181818181816,380746.51,98119.09,0.09828155745931853,0.17707206620036936
STORE-006,Mansoura Store 6,Mansoura,East,Outlet,2025-12-01,32521.48,14896.949999999995,0.4580649466137456,126,68,4,702.3900000000001,0.058823529411764705,377646.34,127319.13,0.08611623245176955,0.11700480516949806
STORE-004,Alexandria Store 4,Alexandria,Central,Online Fulfillment Center,2025-08-01,33373.67999999998,16123.5,0.4831202312720686,124,74,3,1133.1,0.04054054054054054,280700.06,78586.74,0.1188944526766399,0.20516820013147255
STORE-005,Mansoura Store 5,Mansoura,Central,Physical Store,2025-08-01,25886.850000000002,11838.640000000001,0.4573225402086388,115,71,3,807.74,0.04225352112676056,280700.06,78586.74,0.092222459802823,0.15064424354541237
STORE-008,Hurghada Store 8,Hurghada,West,Outlet,2025-10-01,25646.539999999997,12575.1,0.4903234510386197,102,54,5,2541.31,0.09259259259259259,385831.83,86767.46,0.06647077303083054,0.1449287555496035
STORE-009,Port Said Store 9,Port said,West,Online Fulfillment Center,2025-07-01,22496.000000000004,9793.210000000003,0.4353311699857753,111,66,6,4111.82,0.09090909090909091,463763.91,164745.52,0.04850743991700433,0.059444469263868316
STORE-025,Alexandria Store 25,Alexandria,South,Online Fulfillment Center,2025-04-01,22136.62000000001,10216.72,0.4615302607173089,93,63,4,1446.36,0.06349206349206349,251479.82,77653.35,0.08802543281604071,0.13156830967369726
STORE-027,Giza Store 27,Giza,North,Outlet,2025-10-01,31557.370000000014,14378.639999999992,0.4556349277522172,132,73,6,1739.6899999999998,0.0821917808219178,422778.24,115368.66,0.0746428434916613,0.12463211412874164
STORE-018,Giza Store 18,Giza,North,Outlet,2025-05-01,22353.879999999997,9258.480000000009,0.4141777624287153,103,63,5,1158.01,0.07936507936507936,515312.96,120427.42,0.04337923113752077,0.07688016566326845
STORE-030,Mansoura Store 30,Mansoura,Central,Online Fulfillment Center,2025-02-01,21855.95,10021.639999999998,0.458531429656455,99,54,3,737.3900000000001,0.05555555555555555,251789.77,81218.81,0.08680237485422859,0.12339062835321027
STORE-022,Hurghada Store 22,Hurghada,East,Physical Store,2025-12-01,27273.86999999999,11646.520000000006,0.4270211744794563,119,66,4,1887.55,0.06060606060606061,377646.34,127319.13,0.07222066550413275,0.0914750202895669
STORE-022,Hurghada Store 22,Hurghada,East,Physical Store,2025-09-01,19071.420000000002,7902.720000000001,0.4143750176966372,101,55,6,1546.7799999999997,0.10909090909090909,273725.31,76129.11,0.06967357165473664,0.10380680924813125
STORE-016,Port Said Store 16,Port said,South,Online Fulfillment Center,2025-07-01,30386.85999999999,13997.460000000001,0.4606418695449285,134,73,7,4874.949999999999,0.0958904109589041,298891.3,74700.45,0.10166525422452909,0.18738120051485635
STORE-020,Tanta Store 20,Tanta,West,Physical Store,2025-04-01,22595.84,10380.339999999998,0.4593916402311221,97,68,8,2191.94,0.11764705882352941,325818.45,73513.95,0.06935101434556576,0.1412023160230133
STORE-023,Tanta Store 23,Tanta,West,Outlet,2025-11-01,24908.159999999996,11778.4,0.47287314679205533,110,56,4,3091.5600000000004,0.07142857142857142,462658.9,164573.51,0.053836984439292086,0.07156923371203543
STORE-018,Giza Store 18,Giza,North,Outlet,2025-11-01,32588.679999999997,15862.950000000004,0.4867625813626083,125,76,4,1236.04,0.05263157894736842,426444.89,96992.37,0.07641944073945872,0.16354843169622524
STORE-013,Tanta Store 13,Tanta,East,Physical Store,2025-07-01,25555.100000000002,12106.440000000002,0.4737387057769291,105,65,2,1023.8800000000001,0.03076923076923077,243656.36,74694.9,0.10488172769223017,0.16207853548234222
STORE-023,Tanta Store 23,Tanta,West,Outlet,2025-10-01,22299.950000000008,10012.19,0.4489781367222795,101,56,3,1510.42,0.05357142857142857,385831.83,86767.46,0.057797071848634175,0.11539106941703721
STORE-001,Cairo Store 1,Cairo,North,Outlet,2025-09-01,29989.999999999985,14045.65,0.46834444814938336,129,69,4,1887.56,0.057971014492753624,231481.91,63746.41,0.12955656016489575,0.220336329528204
STORE-022,Hurghada Store 22,Hurghada,East,Physical Store,2025-02-01,32263.449999999993,15156.889999999996,0.46978515936764353,139,82,4,1547.52,0.04878048780487805,454213.36,141737.76,0.07103148617204917,0.10693614743170765
STORE-020,Tanta Store 20,Tanta,West,Physical Store,2025-01-01,33270.75000000001,15571.310000000005,0.46801800380213854,133,71,3,1176.6000000000001,0.04225352112676056,405705.83,109443.69,0.0820070788728868,0.142276909705804
STORE-001,Cairo Store 1,Cairo,North,Outlet,2025-12-01,35939.69999999998,17000.860000000008,0.4730384505157254,145,78,6,1912.81,0.07692307692307693,307667.23,109154.38,0.1168135455959999,0.1557505983726902
STORE-015,Luxor Store 15,Luxor,East,Physical Store,2025-11-01,31223.829999999998,14765.71,0.47289874432444706,129,76,5,1378.9499999999998,0.06578947368421052,350867.73,83431.8,0.08899031552431454,0.1769794011396134
STORE-028,Hurghada Store 28,Hurghada,East,Online Fulfillment Center,2025-12-01,29788.84000000001,14186.199999999999,0.47622532465178213,128,75,6,1048.6599999999999,0.08,377646.34,127319.13,0.07888025606179583,0.1114223761975125
STORE-004,Alexandria Store 4,Alexandria,Central,Online Fulfillment Center,2025-06-01,24331.789999999994,10541.579999999996,0.43324309473326866,104,64,4,956.82,0.0625,384507.22,116012.74,0.06328045023445852,0.09086571009356383
STORE-030,Mansoura Store 30,Mansoura,Central,Online Fulfillment Center,2025-09-01,25430.729999999996,11121.529999999999,0.43732641571830616,122,78,7,1251.0399999999997,0.08974358974358974,505440.39,111368.07,0.050314004387342286,0.09986282423678526
STORE-003,Hurghada Store 3,Hurghada,South,Physical Store,2025-12-01,37651.27,17346.429999999997,0.46071301180544505,150,81,6,3594.15,0.07407407407407407,499946.74,150243.54,0.07531056208107287,0.11545541325770144
STORE-005,Mansoura Store 5,Mansoura,Central,Physical Store,2025-06-01,26680.85999999999,12550.170000000002,0.47038101470492355,100,64,3,1789.3700000000001,0.046875,384507.22,116012.74,0.0693897503407088,0.10817923962488948
STORE-028,Hurghada Store 28,Hurghada,East,Online Fulfillment Center,2025-09-01,27342.449999999993,12826.019999999997,0.46908817607785697,108,65,6,2758.2400000000002,0.09230769230769231,273725.31,76129.11,0.09989010515688153,0.16847720930929044
STORE-021,Mansoura Store 21,Mansoura,Central,Outlet,2025-07-01,38324.400000000016,18415.789999999994,0.48052389600359,144,78,5,1478.6000000000001,0.0641025641025641,518016.88,122720.54,0.07398291731342811,0.15006281752019665
STORE-026,Aswan Store 26,Aswan,Central,Outlet,2025-03-01,25718.580000000016,11870.740000000003,0.46156280789996945,102,63,7,1901.81,0.1111111111111111,417098.22,129717.6,0.06166072825724363,0.0915121772219036
STORE-027,Giza Store 27,Giza,North,Outlet,2025-05-01,31865.260000000002,14138.079999999998,0.4436831835045437,131,73,4,1628.27,0.0547945205479452,515312.96,120427.42,0.061836713751581174,0.11739917703127742
STORE-023,Tanta Store 23,Tanta,West,Outlet,2025-05-01,38391.01,18331.07000000001,0.47748340041066933,130,77,7,1919.87,0.09090909090909091,250477.56,62752.45,0.15327125511762413,0.2921172002049324
STORE-011,Aswan Store 11,Aswan,North,Physical Store,2025-07-01,28791.39,14130.099999999999,0.4907751935561291,123,69,6,2182.4700000000003,0.08695652173913043,273188.13,88370.7,0.10539034034897489,0.15989575730417432
STORE-028,Hurghada Store 28,Hurghada,East,Online Fulfillment Center,2025-02-01,27829.93,11993.329999999998,0.43095077853232105,129,67,4,1944.67,0.05970149253731343,454213.36,141737.76,0.06127061079841421,0.08461633653586735
STORE-003,Hurghada Store 3,Hurghada,South,Physical Store,2025-02-01,18319.799999999996,7826.559999999999,0.42721863775805413,83,48,4,964.19,0.08333333333333333,464657.83,130575.45,0.039426431273094,0.05993898546778892
STORE-006,Mansoura Store 6,Mansoura,East,Outlet,2025-02-01,25263.600000000002,12041.61,0.47663872132237683,108,59,4,1730.7799999999997,0.06779661016949153,454213.36,141737.76,0.055620556823779914,0.0849569655961827
STORE-019,Luxor Store 19,Luxor,South,Physical Store,2025-02-01,23295.370000000003,9951.109999999999,0.4271711503187113,102,63,3,1538.02,0.047619047619047616,464657.83,130575.45,0.050134461308873245,0.07620965503086528
STORE-018,Giza Store 18,Giza,North,Outlet,2025-10-01,24992.160000000003,11758.42,0.4704843438902439,105,58,6,3643.5000000000005,0.10344827586206896,422778.24,115368.66,0.05911411145474281,0.10192040021960903
STORE-030,Mansoura Store 30,Mansoura,Central,Online Fulfillment Center,2025-12-01,21346.149999999998,9973.999999999998,0.4672505346397359,94,59,3,789.27,0.05084745762711865,261293.55,89638.45,0.08169413290148188,0.11126921538692379
STORE-008,Hurghada Store 8,Hurghada,West,Outlet,2025-05-01,26926.16999999999,13813.069999999998,0.5129979495784214,101,58,4,1637.13,0.06896551724137931,250477.56,62752.45,0.10749933047894586,0.22012001125055672
STORE-021,Mansoura Store 21,Mansoura,Central,Outlet,2025-08-01,29083.31,12668.669999999996,0.43559931795933804,140,79,3,868.42,0.0379746835443038,280700.06,78586.74,0.10360991729036324,0.16120620348929088
STORE-030,Mansoura Store 30,Mansoura,Central,Online Fulfillment Center,2025-01-01,40378.620000000024,20194.98,0.5001404208464774,166,81,2,314.07,0.024691358024691357,366822.88,94642.94,0.11007661245121902,0.21338073394592347
STORE-013,Tanta Store 13,Tanta,East,Physical Store,2025-06-01,26883.399999999998,12432.510000000004,0.4624604774693679,127,77,5,1004.52,0.06493506493506493,408959.15,107820.37,0.06573614993086717,0.11530761766074447
STORE-021,Mansoura Store 21,Mansoura,Central,Outlet,2025-06-01,35363.22000000001,16747.769999999997,0.47359290245628066,151,80,3,160.85999999999999,0.0375,384507.22,116012.74,0.09197023660570018,0.1443614727141174
STORE-012,Aswan Store 12,Aswan,Central,Outlet,2025-06-01,32371.10000000001,14430.549999999997,0.44578497486955937,128,73,5,2217.55,0.0684931506849315,384507.22,116012.74,0.08418853617365107,0.12438763191008158
STORE-016,Port Said Store 16,Port said,South,Online Fulfillment Center,2025-08-01,31483.259999999995,14958.1,0.47511280598006694,139,77,4,1150.59,0.05194805194805195,495131.69,169081.18,0.06358562910808636,0.08846697190071658
STORE-016,Port Said Store 16,Port said,South,Online Fulfillment Center,2025-06-01,41569.34999999999,19609.330000000005,0.4717256825040567,173,87,2,589.99,0.022988505747126436,510837.65,147806.23,0.08137487516826528,0.13266917098149383
STORE-020,Tanta Store 20,Tanta,West,Physical Store,2025-09-01,17680.53,8460.749999999998,0.47853486292548914,90,55,3,809.71,0.05454545454545454,457732.01,129195.97,0.03862637878438958,0.065487723804388
STORE-011,Aswan Store 11,Aswan,North,Physical Store,2025-08-01,25939.15,12169.660000000002,0.46916186536567317,122,65,3,2174.0,0.046153846153846156,250409.82,82311.5,0.10358679224321155,0.14784884250681862
STORE-006,Mansoura Store 6,Mansoura,East,Outlet,2025-04-01,34848.12,15314.549999999996,0.43946560101377047,154,83,6,2376.04,0.07228915662650602,353620.38,120161.45,0.09854669575322554,0.12744977694593396
STORE-009,Port Said Store 9,Port said,West,Online Fulfillment Center,2025-06-01,23889.29,11305.890000000001,0.4732618675565494,108,58,5,2527.6000000000004,0.08620689655172414,415803.36,96298.66,0.057453335634421045,0.11740443740338652
STORE-001,Cairo Store 1,Cairo,North,Outlet,2025-04-01,29123.589999999997,13478.469999999998,0.46280249103905113,130,76,6,2227.07,0.07894736842105263,228463.4,72309.85,0.12747595457303007,0.18639881012061285
STORE-012,Aswan Store 12,Aswan,Central,Outlet,2025-08-01,26509.95,12711.459999999997,0.4794976980341342,113,62,2,1581.17,0.03225806451612903,280700.06,78586.74,0.0944422669521339,0.16175069738228098
STORE-009,Port Said Store 9,Port said,West,Online Fulfillment Center,2025-08-01,26267.31000000001,12049.890000000003,0.4587409217007756,134,77,5,1679.75,0.06493506493506493,509498.98,164916.07,0.0515551768131116,0.07306680301076786
STORE-030,Mansoura Store 30,Mansoura,Central,Online Fulfillment Center,2025-04-01,28097.730000000003,12747.079999999998,0.4536693889506375,121,73,1,55.68,0.0136986301369863,367793.63,107010.52,0.07639536878330384,0.11911987718590655
STORE-026,Aswan Store 26,Aswan,Central,Outlet,2025-10-01,33543.13000000001,16573.329999999998,0.49409014602990214,129,75,3,715.99,0.04,385435.55,108823.51,0.08702655995275997,0.15229549203108775
STORE-025,Alexandria Store 25,Alexandria,South,Online Fulfillment Center,2025-09-01,33214.37000000001,15656.929999999998,0.47139024464411017,138,79,5,988.9000000000001,0.06329113924050633,486347.9,171586.46,0.06829343768113322,0.09124805069117924
STORE-020,Tanta Store 20,Tanta,West,Physical Store,2025-02-01,21382.02,9891.140000000001,0.4625914670363231,97,58,1,36.48,0.017241379310344827,453319.12,154104.01,0.04716769943434109,0.06418483204947101
STORE-001,Cairo Store 1,Cairo,North,Outlet,2025-01-01,29217.960000000003,13556.960000000001,0.46399406392506526,138,68,2,1149.9,0.029411764705882353,511031.21,145788.28,0.05717451190505567,0.09299073972201333
STORE-020,Tanta Store 20,Tanta,West,Physical Store,2025-12-01,27456.010000000006,12941.390000000003,0.47134998858173494,110,66,5,1255.56,0.07575757575757576,246224.3,69777.53,0.11150812490887377,0.18546643883783223
STORE-013,Tanta Store 13,Tanta,East,Physical Store,2025-08-01,30939.940000000002,15726.08,0.5082776501829027,130,72,6,1008.2199999999999,0.08333333333333333,433460.73,113072.83,0.07137887669778069,0.13907921115974545
STORE-003,Hurghada Store 3,Hurghada,South,Physical Store,2025-01-01,25510.359999999993,10468.73,0.410371707808122,114,59,1,769.51,0.01694915254237288,408827.65,145325.52,0.06239881280045514,0.07203641865516806
STORE-019,Luxor Store 19,Luxor,South,Physical Store,2025-04-01,29343.779999999995,13835.530000000002,0.47149787791484277,120,65,6,3058.99,0.09230769230769231,251479.82,77653.35,0.11668443217431917,0.17817042020724155
STORE-025,Alexandria Store 25,Alexandria,South,Online Fulfillment Center,2025-12-01,23643.77,12200.139999999996,0.5159980832160013,101,67,8,2518.62,0.11940298507462686,499946.74,150243.54,0.04729257760536652,0.08120242640715199
STORE-005,Mansoura Store 5,Mansoura,Central,Physical Store,2025-07-01,18870.309999999998,8721.46,0.46217894671576676,85,49,4,995.3500000000001,0.08163265306122448,518016.88,122720.54,0.03642798281013545,0.07106764686661254
STORE-004,Alexandria Store 4,Alexandria,Central,Online Fulfillment Center,2025-07-01,31702.380000000005,14385.480000000001,0.45376656263662224,150,80,1,499.73,0.0125,518016.88,122720.54,0.06119951149082247,0.11722145290429786
STORE-027,Giza Store 27,Giza,North,Outlet,2025-03-01,24894.85,11754.43,0.4721631180746219,122,71,2,554.4100000000001,0.028169014084507043,491036.87,176091.63,0.05069853512222004,0.06675178144469444
STORE-011,Aswan Store 11,Aswan,North,Physical Store,2025-06-01,31795.14999999999,15111.520000000002,0.47527751874106605,119,63,3,1728.6100000000001,0.047619047619047616,344412.14,98020.0,0.09231715815824608,0.1541677208732912
STORE-028,Hurghada Store 28,Hurghada,East,Online Fulfillment Center,2025-04-01,30936.619999999995,14295.570000000002,0.4620921742582093,123,66,3,690.95,0.045454545454545456,353620.38,120161.45,0.08748539889018839,0.1189696862013566
STORE-003,Hurghada Store 3,Hurghada,South,Physical Store,2025-04-01,21118.75,9338.169999999998,0.4421743711157146,105,64,7,2182.47,0.109375,251479.82,77653.35,0.08397791122961676,0.12025456725305474
STORE-006,Mansoura Store 6,Mansoura,East,Outlet,2025-01-01,19842.67,9161.22,0.46169290725492085,93,59,3,210.86,0.05084745762711865,248359.49,79092.46,0.07989495388317958,0.1158292459230627
STORE-008,Hurghada Store 8,Hurghada,West,Outlet,2025-03-01,38206.870000000024,17629.72,0.46142801019816565,160,89,5,1795.8600000000001,0.056179775280898875,351996.38,94382.48,0.10854336058796975,0.18679017546476848
STORE-022,Hurghada Store 22,Hurghada,East,Physical Store,2025-01-01,38046.10999999999,17667.05,0.4643589055490825,155,94,3,762.0,0.031914893617021274,248359.49,79092.46,0.15318967678666112,0.2233721141054406
STORE-018,Giza Store 18,Giza,North,Outlet,2025-03-01,22965.78,10884.68,0.47395211484216954,100,66,5,1463.3200000000002,0.07575757575757576,491036.87,176091.63,0.04676997065413845,0.061812591546798676
STORE-022,Hurghada Store 22,Hurghada,East,Physical Store,2025-04-01,29804.440000000002,13797.42,0.4629316974249474,127,77,6,2232.48,0.07792207792207792,353620.38,120161.45,0.08428371690568287,0.11482401385802185
STORE-026,Aswan Store 26,Aswan,Central,Outlet,2025-05-01,25544.340000000004,12730.099999999999,0.49835305981677336,111,65,6,3586.24,0.09230769230769231,385188.25,106296.78,0.06631650887585487,0.11975997767759286
STORE-015,Luxor Store 15,Luxor,East,Physical Store,2025-03-01,28797.25000000001,13137.659999999998,0.4562123119395079,118,72,6,1968.3300000000002,0.08333333333333333,256028.95,73083.91,0.11247653829771989,0.1797613181889146
STORE-025,Alexandria Store 25,Alexandria,South,Online Fulfillment Center,2025-02-01,21800.059999999998,10152.300000000001,0.46570055311774383,92,59,4,1246.28,0.06779661016949153,464657.83,130575.45,0.04691637285010348,0.07775045002716821
STORE-023,Tanta Store 23,Tanta,West,Outlet,2025-03-01,20671.379999999997,9965.940000000004,0.48211295036906127,117,65,4,1820.52,0.06153846153846154,351996.38,94382.48,0.05872611530834492,0.10559099527793722
STORE-019,Luxor Store 19,Luxor,South,Physical Store,2025-01-01,23222.98999999999,10877.63,0.46839920268664814,84,54,2,92.04,0.037037037037037035,408827.65,145325.52,0.05680386343731885,0.07485010203300838
STORE-026,Aswan Store 26,Aswan,Central,Outlet,2025-11-01,33686.039999999986,15631.29,0.4640287193151824,134,68,7,5038.55,0.10294117647058823,251125.63,73390.13,0.13414019110673803,0.21298899456916073
STORE-028,Hurghada Store 28,Hurghada,East,Online Fulfillment Center,2025-01-01,29923.520000000008,13695.18,0.45767276042390725,129,70,0,0.0,0.0,248359.49,79092.46,0.12048470545659443,0.17315405286420474
STORE-009,Port Said Store 9,Port said,West,Online Fulfillment Center,2025-03-01,37005.39000000001,18186.920000000006,0.49146678362260204,145,80,4,959.9699999999999,0.05,351996.38,94382.48,0.10513003003042248,0.19269381351284695
STORE-002,Zagazig Store 2,Zagazig,South,Physical Store,2025-12-01,27690.080000000005,13931.560000000001,0.5031245846888127,100,60,7,2465.21,0.11666666666666667,499946.74,150243.54,0.055386059723081714,0.0927265158954588
STORE-023,Tanta Store 23,Tanta,West,Outlet,2025-08-01,28737.510000000002,14192.239999999998,0.4938576793883672,110,63,5,3154.69,0.07936507936507936,509498.98,164916.07,0.056403469149241485,0.08605735026307623
STORE-024,Zagazig Store 24,Zagazig,West,Physical Store,2025-04-01,26534.090000000004,12706.149999999998,0.4788613440295106,117,62,4,713.8900000000001,0.06451612903225806,325818.45,73513.95,0.08143826723133697,0.17283998479200205
STORE-027,Giza Store 27,Giza,North,Outlet,2025-08-01,20284.569999999996,9323.900000000001,0.4596548016546569,93,54,1,154.95,0.018518518518518517,250409.82,82311.5,0.08100548932146509,0.11327578770888638
STORE-004,Alexandria Store 4,Alexandria,Central,Online Fulfillment Center,2025-11-01,28297.509999999995,13509.480000000005,0.47740878967796135,127,68,8,2925.08,0.11764705882352941,251125.63,73390.13,0.11268268396180825,0.1840776137063663
STORE-017,Mansoura Store 17,Mansoura,South,Online Fulfillment Center,2025-02-01,25810.67,11818.119999999999,0.4578773042311571,109,62,4,2055.0299999999997,0.06451612903225806,464657.83,130575.45,0.055547691943553384,0.09050797833742866
STORE-015,Luxor Store 15,Luxor,East,Physical Store,2025-08-01,29748.460000000006,14303.139999999998,0.4808027037365966,139,80,10,5864.120000000001,0.125,433460.73,113072.83,0.06863011558163529,0.1264949325138497
STORE-027,Giza Store 27,Giza,North,Outlet,2025-06-01,37410.8,18466.22,0.49360665903963563,133,78,8,2903.2999999999997,0.10256410256410256,344412.14,98020.0,0.10862218735959772,0.18839236890430525
STORE-005,Mansoura Store 5,Mansoura,Central,Physical Store,2025-05-01,36042.51,17741.61,0.49224124512970935,134,70,9,4483.92,0.12857142857142856,385188.25,106296.78,0.0935711564410389,0.16690637289295124
STORE-014,Port Said Store 14,Port said,North,Online Fulfillment Center,2025-12-01,40185.87,19691.100000000006,0.490000589759535,164,93,8,2784.3600000000006,0.08602150537634409,307667.23,109154.38,0.13061472292645532,0.18039679213971996
STORE-010,Tanta Store 10,Tanta,East,Physical Store,2025-12-01,38705.169999999984,18450.4,0.47669084000922896,157,84,5,1457.47,0.05952380952380952,377646.34,127319.13,0.1024905206283741,0.14491459374565316
STORE-029,Tanta Store 29,Tanta,East,Physical Store,2025-09-01,26162.189999999995,12715.77,0.48603614605658024,117,64,3,2421.36,0.046875,273725.31,76129.11,0.09557826420947334,0.16702901163562794
STORE-005,Mansoura Store 5,Mansoura,Central,Physical Store,2025-11-01,21012.519999999997,9790.750000000002,0.4659483964798131,98,58,6,3140.58,0.10344827586206896,251125.63,73390.13,0.0836733391171582,0.13340690362586904
STORE-011,Aswan Store 11,Aswan,North,Physical Store,2025-03-01,26539.389999999996,11700.649999999998,0.4408786336083836,120,63,7,6060.73,0.1111111111111111,491036.87,176091.63,0.0540476522669265,0.06644637226652964
STORE-021,Mansoura Store 21,Mansoura,Central,Outlet,2025-03-01,34076.57000000001,16702.639999999992,0.49015027040573594,136,76,4,1675.0700000000002,0.05263157894736842,417098.22,129717.6,0.08169914990286942,0.12876155587214064
STORE-017,Mansoura Store 17,Mansoura,South,Online Fulfillment Center,2025-12-01,35089.48000000001,16641.969999999994,0.47427234601367674,130,77,2,1492.6200000000001,0.025974025974025976,499946.74,150243.54,0.07018643625919035,0.11076662597273729
STORE-012,Aswan Store 12,Aswan,Central,Outlet,2025-03-01,20301.939999999995,9828.939999999995,0.4841379690807872,102,55,6,2325.99,0.10909090909090909,417098.22,129717.6,0.04867424272393202,0.075771830499485
STORE-010,Tanta Store 10,Tanta,East,Physical Store,2025-02-01,29685.71,13306.6,0.44824934286564144,134,74,6,2812.4300000000003,0.08108108108108109,454213.36,141737.76,0.06535631184428393,0.0938818279617231
STORE-014,Port Said Store 14,Port said,North,Online Fulfillment Center,2025-09-01,28174.269999999997,13548.91,0.4808965769121969,131,63,7,2698.0299999999997,0.1111111111111111,231481.91,63746.41,0.12171262108559583,0.21254389070694332
STORE-018,Giza Store 18,Giza,North,Outlet,2025-08-01,21593.090000000004,10233.320000000002,0.47391642418940505,98,62,2,817.0500000000001,0.03225806451612903,250409.82,82311.5,0.08623100324100709,0.1243243046232908
STORE-026,Aswan Store 26,Aswan,Central,Outlet,2025-07-01,25174.410000000007,10686.250000000002,0.42448859774668,133,83,7,3359.22,0.08433734939759036,518016.88,122720.54,0.04859766345837998,0.0870779251786213
STORE-018,Giza Store 18,Giza,North,Outlet,2025-06-01,31960.079999999984,14535.070000000002,0.4547882858866439,145,73,3,1299.77,0.0410958904109589,344412.14,98020.0,0.09279603210270108,0.1482867782085289
STORE-008,Hurghada Store 8,Hurghada,West,Outlet,2025-06-01,26722.689999999995,13569.890000000005,0.5078040421828793,112,63,2,1923.75,0.031746031746031744,415803.36,96298.66,0.06426761438387606,0.1409146295493624
STORE-004,Alexandria Store 4,Alexandria,Central,Online Fulfillment Center,2025-10-01,31455.039999999997,14290.090000000004,0.4543020768690806,144,80,7,2933.5699999999997,0.0875,385435.55,108823.51,0.0816090783530476,0.1313143639641839
STORE-004,Alexandria Store 4,Alexandria,Central,Online Fulfillment Center,2025-05-01,33137.71999999999,15915.310000000005,0.4802777620186305,128,71,6,4435.68,0.08450704225352113,385188.25,106296.78,0.08602993471374058,0.1497252315639289
STORE-023,Tanta Store 23,Tanta,West,Outlet,2025-06-01,29030.94000000001,14667.15,0.5052247705379156,109,67,5,4455.51,0.07462686567164178,415803.36,96298.66,0.0698189163262173,0.15230897293897963
STORE-024,Zagazig Store 24,Zagazig,West,Physical Store,2025-01-01,31253.309999999998,15713.809999999996,0.5027886646246429,123,71,3,2786.2599999999998,0.04225352112676056,405705.83,109443.69,0.0770344118545203,0.14357894913813665
STORE-029,Tanta Store 29,Tanta,East,Physical Store,2025-02-01,29779.56,13649.969999999998,0.4583670813134914,130,74,4,1661.17,0.05405405405405406,454213.36,141737.76,0.06556293280320949,0.09630440046463269
STORE-008,Hurghada Store 8,Hurghada,West,Outlet,2025-08-01,20611.909999999996,9003.730000000001,0.43682172103410133,100,62,5,3586.4100000000003,0.08064516129032258,509498.98,164916.07,0.040455252726904374,0.05459583168577811
STORE-010,Tanta Store 10,Tanta,East,Physical Store,2025-09-01,33627.390000000014,15358.000000000005,0.45671103228647836,136,75,5,1695.35,0.06666666666666667,273725.31,76129.11,0.12285086095984334,0.20173623466765875
STORE-002,Zagazig Store 2,Zagazig,South,Physical Store,2025-02-01,29830.479999999996,13841.889999999998,0.4640183463356942,119,69,4,1971.1200000000001,0.057971014492753624,464657.83,130575.45,0.06419881055270282,0.10600683359697399
STORE-017,Mansoura Store 17,Mansoura,South,Online Fulfillment Center,2025-09-01,29422.22,13499.42,0.45881717966897123,128,74,7,2811.0299999999997,0.0945945945945946,486347.9,171586.46,0.060496241476523285,0.07867415645733353
STORE-007,Tanta Store 7,Tanta,West,Outlet,2025-01-01,36895.33,17237.81000000001,0.46720845158452323,143,80,1,2198.7,0.0125,405705.83,109443.69,0.09094108901516156,0.15750391822497953
STORE-016,Port Said Store 16,Port said,South,Online Fulfillment Center,2025-03-01,27894.100000000002,13120.760000000002,0.47037760673404055,121,72,7,3436.0499999999993,0.09722222222222222,260261.58,72247.08,0.10717717152105202,0.18160955432385645
STORE-029,Tanta Store 29,Tanta,East,Physical Store,2025-12-01,32544.470000000005,16056.239999999998,0.4933630813468462,142,67,7,2731.5099999999998,0.1044776119402985,377646.34,127319.13,0.0861771095146851,0.12611019255315362
STORE-002,Zagazig Store 2,Zagazig,South,Physical Store,2025-09-01,23440.12,10961.920000000002,0.4676563089267462,101,64,4,986.26,0.0625,486347.9,171586.46,0.04819619864710015,0.06388569354481702
STORE-007,Tanta Store 7,Tanta,West,Outlet,2025-04-01,22719.810000000005,10655.160000000002,0.4689810346125253,91,50,7,3853.0699999999997,0.14,325818.45,73513.95,0.0697315023136351,0.14494065412074855
STORE-014,Port Said Store 14,Port said,North,Online Fulfillment Center,2025-02-01,24775.890000000007,12424.849999999997,0.5014895529484509,99,55,2,370.8,0.03636363636363636,380746.51,98119.09,0.06507187682429448,0.12663030201360406
STORE-005,Mansoura Store 5,Mansoura,Central,Physical Store,2025-10-01,35098.83999999999,17890.650000000005,0.5097219737176503,124,73,7,3104.64,0.0958904109589041,385435.55,108823.51,0.09106279895562304,0.1644005968930795
STORE-013,Tanta Store 13,Tanta,East,Physical Store,2025-03-01,31697.59999999999,14146.889999999998,0.4463079223663622,133,72,2,2251.48,0.027777777777777776,256028.95,73083.91,0.12380474942384441,0.19357051367393996
STORE-015,Luxor Store 15,Luxor,East,Physical Store,2025-06-01,32465.13,17580.649999999994,0.5415240906166091,112,74,8,2920.5900000000006,0.10810810810810811,408959.15,107820.37,0.07938477473850383,0.16305499600863912
STORE-016,Port Said Store 16,Port said,South,Online Fulfillment Center,2025-02-01,24505.739999999994,11071.539999999999,0.4517937430169422,99,50,4,985.6400000000001,0.08,464657.83,130575.45,0.05273932433248783,0.08479036449807371
STORE-006,Mansoura Store 6,Mansoura,East,Outlet,2025-07-01,30072.36000000001,14164.059999999998,0.4709992830625861,114,69,5,1907.76,0.07246376811594203,243656.36,74694.9,0.12342119860938583,0.1896255299893299
STORE-024,Zagazig Store 24,Zagazig,West,Physical Store,2025-10-01,30871.070000000003,15028.420000000002,0.486812410454189,125,68,5,1906.9899999999998,0.07352941176470588,385831.83,86767.46,0.08001172427894299,0.1732034105873331
STORE-016,Port Said Store 16,Port said,South,Online Fulfillment Center,2025-12-01,22974.749999999996,11049.410000000002,0.48093711574663506,114,74,4,1714.88,0.05405405405405406,499946.74,150243.54,0.045954395062162014,0.07354332838536685
STORE-004,Alexandria Store 4,Alexandria,Central,Online Fulfillment Center,2025-04-01,29131.890000000003,13858.139999999998,0.47570343015849625,129,72,8,4536.4,0.1111111111111111,367793.63,107010.52,0.07920716299518293,0.1295025946981661
STORE-022,Hurghada Store 22,Hurghada,East,Physical Store,2025-07-01,30362.57000000001,13328.94,0.4389924831791247,126,67,7,3156.91,0.1044776119402985,243656.36,74694.9,0.12461226130112102,0.17844511472670826
STORE-020,Tanta Store 20,Tanta,West,Physical Store,2025-08-01,26483.33000000001,12128.629999999997,0.4579722414061975,114,64,6,2200.4399999999996,0.09375,509498.98,164916.07,0.05197916196024575,0.07354425799741648
STORE-011,Aswan Store 11,Aswan,North,Physical Store,2025-02-01,23504.719999999998,11946.939999999995,0.508278337287149,94,58,4,1107.94,0.06896551724137931,380746.51,98119.09,0.061733251343525114,0.12175958827176236
STORE-017,Mansoura Store 17,Mansoura,South,Online Fulfillment Center,2025-03-01,32872.01999999999,15771.13,0.47977367986512554,134,80,4,736.44,0.05,260261.58,72247.08,0.1263037748406814,0.21829435874778605
STORE-029,Tanta Store 29,Tanta,East,Physical Store,2025-03-01,25254.349999999995,11512.189999999997,0.45584978429458684,106,60,5,1459.36,0.08333333333333333,256028.95,73083.91,0.09863865004328609,0.15752017099249338
STORE-021,Mansoura Store 21,Mansoura,Central,Outlet,2025-12-01,29788.57,13265.869999999999,0.44533423390246657,138,82,3,708.15,0.036585365853658534,261293.55,89638.45,0.11400423010824416,0.14799307663173558
STORE-011,Aswan Store 11,Aswan,North,Physical Store,2025-12-01,28561.32000000001,13797.409999999998,0.48308026379733127,129,76,4,1966.21,0.05263157894736842,307667.23,109154.38,0.092831856028346,0.12640271512696052
STORE-020,Tanta Store 20,Tanta,West,Physical Store,2025-06-01,21937.59,10443.919999999998,0.4760741722313161,97,52,4,1550.82,0.07692307692307693,415803.36,96298.66,0.05275953037031736,0.10845343019310963
STORE-030,Mansoura Store 30,Mansoura,Central,Online Fulfillment Center,2025-07-01,25589.169999999995,11699.58,0.45720826427742683,115,64,6,940.78,0.09375,518016.88,122720.54,0.04939833234777985,0.09533514112633468
STORE-003,Hurghada Store 3,Hurghada,South,Physical Store,2025-07-01,23926.89999999999,10785.6,0.4507729793663201,103,58,3,1207.77,0.05172413793103448,298891.3,74700.45,0.08005217950472293,0.1443846723814917
STORE-009,Port Said Store 9,Port said,West,Online Fulfillment Center,2025-02-01,32088.829999999998,13722.420000000006,0.4276385271759677,146,78,2,479.46,0.02564102564102564,453319.12,154104.01,0.07078640318546457,0.0890464823076311
STORE-025,Alexandria Store 25,Alexandria,South,Online Fulfillment Center,2025-08-01,26691.5,11169.400000000001,0.4184628065114363,128,70,7,2421.5,0.1,495131.69,169081.18,0.0539078805479003,0.06605939229901282
STORE-012,Aswan Store 12,Aswan,Central,Outlet,2025-12-01,24219.269999999997,10856.399999999992,0.4482546336037376,111,75,5,1533.37,0.06666666666666667,261293.55,89638.45,0.09268988844156313,0.1211132053265088
STORE-009,Port Said Store 9,Port said,West,Online Fulfillment Center,2025-09-01,34620.76,16504.55,0.47672408115824144,136,75,2,123.28,0.02666666666666667,457732.01,129195.97,0.07563543567774515,0.12774817976133465
STORE-014,Port Said Store 14,Port said,North,Online Fulfillment Center,2025-03-01,27805.38,13069.86,0.47004788281979965,125,81,4,1825.0200000000002,0.04938271604938271,491036.87,176091.63,0.05662584970452423,0.07422192639139066
STORE-016,Port Said Store 16,Port said,South,Online Fulfillment Center,2025-09-01,22583.94,9580.280000000002,0.42420764490164264,107,58,1,843.42,0.017241379310344827,486347.9,171586.46,0.04643577159477814,0.05583354304296506
STORE-005,Mansoura Store 5,Mansoura,Central,Physical Store,2025-01-01,34761.889999999985,16111.579999999994,0.4634840050411529,142,82,1,210.38,0.012195121951219513,366822.88,94642.94,0.09476478130262754,0.1702354132278646
STORE-024,Zagazig Store 24,Zagazig,West,Physical Store,2025-11-01,30416.580000000005,14604.01,0.48013320366721035,114,70,4,2767.21,0.05714285714285714,462658.9,164573.51,0.06574299121880073,0.08873852177060573
STORE-028,Hurghada Store 28,Hurghada,East,Online Fulfillment Center,2025-07-01,21524.660000000007,9902.6,0.4600583702599714,96,61,4,731.44,0.06557377049180328,243656.36,74694.9,0.08834023458283628,0.1325739776075743
STORE-025,Alexandria Store 25,Alexandria,South,Online Fulfillment Center,2025-06-01,31009.85,14434.230000000001,0.46547242247221454,136,74,5,1674.95,0.06756756756756757,510837.65,147806.23,0.06070392423111334,0.09765643843294021
STORE-007,Tanta Store 7,Tanta,West,Outlet,2025-10-01,24215.969999999998,11562.959999999997,0.4774931584404836,127,75,2,1204.23,0.02666666666666667,385831.83,86767.46,0.06276301776346445,0.13326378345061612
STORE-013,Tanta Store 13,Tanta,East,Physical Store,2025-02-01,26527.539999999997,12394.909999999996,0.4672468687258599,122,65,5,3185.1600000000003,0.07692307692307693,454213.36,141737.76,0.05840325788743862,0.08744959705868073
STORE-011,Aswan Store 11,Aswan,North,Physical Store,2025-09-01,37640.25000000002,17253.23,0.45837182271637383,149,81,4,2005.8599999999997,0.04938271604938271,231481.91,63746.41,0.16260557898455227,0.27065414350392436
STORE-007,Tanta Store 7,Tanta,West,Outlet,2025-05-01,28540.040000000005,12142.040000000003,0.42543878705145477,124,65,4,948.4399999999999,0.06153846153846154,250477.56,62752.45,0.11394250247407395,0.19349109078609686
STORE-009,Port Said Store 9,Port said,West,Online Fulfillment Center,2025-12-01,19398.899999999998,9154.819999999994,0.47192469676115634,85,54,8,2815.32,0.14814814814814814,246224.3,69777.53,0.0787854813680047,0.13120011556728928
STORE-021,Mansoura Store 21,Mansoura,Central,Outlet,2025-09-01,25928.650000000005,11658.440000000002,0.44963544187607146,135,72,3,1068.6100000000001,0.041666666666666664,505440.39,111368.07,0.05129912550122875,0.10468386495339285
STORE-007,Tanta Store 7,Tanta,West,Outlet,2025-11-01,18698.530000000006,8454.73,0.45216014307007,94,61,6,2016.4099999999999,0.09836065573770492,462658.9,164573.51,0.040415368644156645,0.05137357767966424
STORE-013,Tanta Store 13,Tanta,East,Physical Store,2025-09-01,35566.08999999998,17694.37,0.4975067543269448,148,79,4,3143.3900000000003,0.05063291139240506,273725.31,76129.11,0.12993350888889296,0.2324258092600846
STORE-021,Mansoura Store 21,Mansoura,Central,Outlet,2025-02-01,24332.170000000002,11251.500000000002,0.4624125180779191,100,61,6,5597.7,0.09836065573770492,251789.77,81218.81,0.09663684906658442,0.13853317969076379
STORE-002,Zagazig Store 2,Zagazig,South,Physical Store,2025-03-01,34511.63999999999,16736.029999999995,0.48493870473845924,123,71,5,3453.5299999999997,0.07042253521126761,260261.58,72247.08,0.13260366743335683,0.23164991581666686
STORE-001,Cairo Store 1,Cairo,North,Outlet,2025-07-01,34091.66999999999,17009.999999999996,0.4989488634613676,122,69,7,4576.08,0.10144927536231885,273188.13,88370.7,0.1247919153734827,0.1924846131127172
STORE-013,Tanta Store 13,Tanta,East,Physical Store,2025-12-01,34759.0,16515.960000000003,0.47515636238096615,147,86,7,2216.13,0.08139534883720931,377646.34,127319.13,0.09204114092566076,0.1297209618067607
STORE-024,Zagazig Store 24,Zagazig,West,Physical Store,2025-05-01,18847.730000000003,8718.640000000001,0.4625830272398851,97,60,5,1422.0500000000002,0.08333333333333333,250477.56,62752.45,0.07524717982720688,0.1389370454858735
STORE-010,Tanta Store 10,Tanta,East,Physical Store,2025-03-01,38768.80000000001,18557.40000000001,0.4786684137760262,142,76,9,3410.16,0.11842105263157894,256028.95,73083.91,0.15142350113141506,0.25391909108311267
STORE-004,Alexandria Store 4,Alexandria,Central,Online Fulfillment Center,2025-01-01,31868.670000000002,16275.770000000002,0.5107138139119078,122,70,3,1172.1399999999999,0.04285714285714286,366822.88,94642.94,0.0868775415535694,0.1719702494449137
STORE-012,Aswan Store 12,Aswan,Central,Outlet,2025-02-01,23121.98,11255.48,0.4867870312144548,98,57,3,1246.07,0.05263157894736842,251789.77,81218.81,0.09183049811753671,0.138582183117433
STORE-012,Aswan Store 12,Aswan,Central,Outlet,2025-09-01,31065.39,15629.72,0.503123250665773,118,69,5,1162.4499999999998,0.07246376811594203,505440.39,111368.07,0.06146202522517047,0.14034291875579777
STORE-005,Mansoura Store 5,Mansoura,Central,Physical Store,2025-04-01,28095.910000000007,13062.52,0.4649260337180749,118,68,4,1629.6100000000001,0.058823529411764705,367793.63,107010.52,0.07639042035611114,0.12206762475315511
STORE-019,Luxor Store 19,Luxor,South,Physical Store,2025-07-01,28346.809999999994,12827.150000000001,0.45250770721643824,133,75,2,739.49,0.02666666666666667,298891.3,74700.45,0.09483986318772074,0.17171449435712907
STORE-022,Hurghada Store 22,Hurghada,East,Physical Store,2025-05-01,36935.77000000001,18378.72,0.4975859444652161,140,81,6,1059.2299999999998,0.07407407407407407,,,,
STORE-028,Hurghada Store 28,Hurghada,East,Online Fulfillment Center,2025-05-01,28222.269999999997,12484.509999999997,0.4423637786754927,132,71,8,3294.9700000000003,0.11267605633802817,,,,
STORE-006,Mansoura Store 6,Mansoura,East,Outlet,2025-05-01,28579.880000000012,12322.439999999997,0.4311578635039752,126,74,6,1383.2299999999998,0.08108108108108109,,,,
STORE-015,Luxor Store 15,Luxor,East,Physical Store,2025-05-01,22812.83000000001,10647.71,0.4667421797295642,118,70,4,2360.93,0.05714285714285714,,,,
